חותמת זמן,מצב לימודים,מוסד לימודים,סיווג מקום עבודה,תחום עיסוק - אפשר לבחור שילוב של עיסוקים,שם חברה (לחברות גלובליות באנגלית/חברות ישראליות בעברית),שנות ניסיון,"שכר (בש""ח) - ברוטו!",שכר שעתי/גלובלי,"הערות: תנאים (משכורת 13, קרן השתלמות וכו') וכל דבר שכדאי לציין",קבלת רכב מהעבודה,
,,,,,,,,,,,
8/1/2019 11:41:55,סטודנט/ית,"או""פ (אוניברסיטה פתוחה)",הייטק (סטארט-אפים וחברות גדולות),ניתוח נתונים - BI/Data analyst,,2-4,20000,גלובלי,,,
8/1/2019 11:42:59,בוגר/ת,בר אילן,"תעשייה מסורתית (מפעלי ייצור, תעשייה אווירית/צבאית וכו').","תפעול וייצור (תפ""י)",תעש,10+,11000,גלובלי,,,
8/1/2019 11:43:53,סטודנט/ית,בן גוריון,"תעשייה מסורתית (מפעלי ייצור, תעשייה אווירית/צבאית וכו').","תפעול וייצור (תפ""י)",,0-1,32,שעתי,,,
8/1/2019 11:44:12,בוגר/ת,HIT מכון טכנלוגי,"תעשייה מסורתית (מפעלי ייצור, תעשייה אווירית/צבאית וכו').","רכש כ""א",חיל אויר,0-1,37,שעתי,מחפשת משרת ניתוח מערכות ג'וניור,,
8/1/2019 11:48:46,בוגר/ת,מכללת סמי שמעון,אלעל,ניהול פרוייקטים במערכות מידע,אלעל,0-1,12500,גלובלי,,לא,
8/1/2019 11:49:19,סטודנט/ית,אוניברסיטת אריאל ,"תעשייה מסורתית (מפעלי ייצור, תעשייה אווירית/צבאית וכו').","ניהול פרוייקטים/ PMO, תפעול וייצור (תפ""י)",,0-1,4900,שעתי,,לא,
8/1/2019 11:49:58,סטודנט/ית,"או""פ (אוניברסיטה פתוחה)",הייטק (סטארט-אפים וחברות גדולות),QA (Software) - ידני,Oracle,5-7,30000,גלובלי,,לא,
8/1/2019 11:52:02,בוגר/ת,אריאל,הייטק (סטארט-אפים וחברות גדולות),"ניתוח, עיצוב, איפיון והטמעה של מערכות מידע",,2-4,10500,שעתי,ללא קרן השתלמות,לא,
8/1/2019 11:52:41,בוגר/ת,אפקה,הייטק (סטארט-אפים וחברות גדולות),ניהול פרוייקטים/ PMO,בזק,2-4,19000,גלובלי,,לא,
8/1/2019 11:58:20,סטודנט/ית,אוניברסיטת אריאל,"תעשייה מסורתית (מפעלי ייצור, תעשייה אווירית/צבאית וכו').","תפעול וייצור (תפ""י)",Elbit,0-1,5000,שעתי,40 שח לשעה,לא,
8/1/2019 12:03:46,סטודנט/ית,"או""פ (אוניברסיטה פתוחה)",מוסד ממשלתי,רכז פרוייקטים,,0-1,3000,שעתי,,לא,
8/1/2019 12:05:39,סטודנט/ית,"או""פ (אוניברסיטה פתוחה)",מוסד ממשלתי,ניתוח נתונים - BI/Data analyst,ZIM,0-1,40,שעתי,,לא,
8/1/2019 12:07:04,בוגר/ת,"לא מהנדס , הנדסאי","תעשייה מסורתית (מפעלי ייצור, תעשייה אווירית/צבאית וכו').","תפעול וייצור (תפ""י)",,10+,15000,גלובלי,,לא,
8/1/2019 12:09:53,סטודנט/ית,"או""פ (אוניברסיטה פתוחה)",הייטק (סטארט-אפים וחברות גדולות),"ניהול פרוייקטים/ PMO, מוצר",AtoZ,0-1,12000,גלובלי,,לא,
8/1/2019 12:10:39,בוגר/ת,אוניברסיטת אריאל,ערייה ,"ניהול פרוייקטים/ PMO, ניתוח, עיצוב, איפיון והטמעה של מערכות מידע",Metrix,2-4,14500,גלובלי,,לא,
8/1/2019 12:14:35,בוגר/ת,מכללת אפקה,חברת בניה,"ניתוח, עיצוב, איפיון והטמעה של מערכות מידע",,0-1,10000,גלובלי,,לא,
8/1/2019 12:19:36,סטודנט/ית,"או""פ (אוניברסיטה פתוחה)","תעשייה מסורתית (מפעלי ייצור, תעשייה אווירית/צבאית וכו').","ניתוח, עיצוב, איפיון והטמעה של מערכות מידע, QA (Software) - ידני",,0-1,34,שעתי,,לא,
8/1/2019 12:21:18,סטודנט/ית,"או""פ (אוניברסיטה פתוחה)",לוגיסטיקה שרשרת אספקה ,הנדסת ארגון ושיטות,,2-4,17000,גלובלי,,לא,
8/1/2019 12:21:53,סטודנט/ית,אוניברסיטת אריאל,חברת ייעוץ pmo,ניהול פרוייקטים/ PMO, ,0-1,6000,שעתי,,לא,
8/1/2019 12:27:37,בוגר/ת,מכללת סמי שמעון,טבע,הנדסת ארגון ושיטות,טבע תעשיות פרמצבטיות,2-4,7500,שעתי,,לא,
8/1/2019 12:40:04,סטודנט/ית,"או""פ (אוניברסיטה פתוחה)",מוסדות פיננסים וחברות ביטוח (בנקים וכו'),ניתוח נתונים - BI/Data analyst,,0-1,7000,שעתי,,לא,
8/1/2019 12:41:23,סטודנט/ית,"או""פ (אוניברסיטה פתוחה)",בית תוכנה,"ניתוח, עיצוב, איפיון והטמעה של מערכות מידע",,0-1,40,שעתי,משרת סטודנט.,לא,
8/1/2019 12:45:51,סטודנט/ית,"או""פ (אוניברסיטה פתוחה)",הייטק (סטארט-אפים וחברות גדולות),"ניהול פרוייקטים/ PMO, ניתוח, עיצוב, איפיון והטמעה של מערכות מידע",,0-1,6000,גלובלי,60% משרה - סטודנט,לא,
8/1/2019 12:46:33,סטודנט/ית,"או""פ (אוניברסיטה פתוחה)",יועץ בצבא בתחום הSAP HR מערכות מידע,מיישם מערכות מידע,אקסאקט,5-7,20000,גלובלי,יועץ חיצוני בחברת כח אדם ,לא,
8/1/2019 12:49:58,סטודנט/ית,"או""פ (אוניברסיטה פתוחה)",קמעונאות,פלנר,Unilever,2-4,12590,גלובלי,,לא,
8/1/2019 12:53:55,בוגר/ת,מכללת שנקר,חברת ייעוץ,"ניהול פרוייקטים/ PMO, אנאליסט מחקר",Monfort Advisory,0-1,9500,גלובלי,"התחלתי כסטודנטית, לא ממש קשור ללימודים",לא,
8/1/2019 12:54:06,סטודנט/ית, האוניברסיטה הפתוחה ,"תעשייה מסורתית (מפעלי ייצור, תעשייה אווירית/צבאית וכו').",אינטגרטור,,2-4,10000,גלובלי,,לא,
8/1/2019 13:06:30,סטודנט/ית,"או""פ (אוניברסיטה פתוחה)","תעשייה מסורתית (מפעלי ייצור, תעשייה אווירית/צבאית וכו').","תפעול וייצור (תפ""י), מיכון חצי אוטומט",,5-7,40,שעתי,,כן,
8/1/2019 13:32:30,סטודנט/ית,"או""פ (אוניברסיטה פתוחה)",הייטק (סטארט-אפים וחברות גדולות),ניתוח נתונים - BI/Data analyst,Gett,2-4,19000,גלובלי,,לא,
8/1/2019 13:46:55,סטודנט/ית,"או""פ (אוניברסיטה פתוחה)","תעשייה מסורתית (מפעלי ייצור, תעשייה אווירית/צבאית וכו').",תכנון ובקרה,אלתא ,0-1,2900,שעתי,,לא,
8/1/2019 14:43:41,בוגר/ת,אוניברסיטת אריאל,הייטק (סטארט-אפים וחברות גדולות),"תפעול וייצור (תפ""י)",,0-1,12500,גלובלי,,,
8/1/2019 16:38:58,סטודנט/ית,רופין ,הייטק (סטארט-אפים וחברות גדולות),IT,SEGMENT,0-1,7500,גלובלי,מה עם התשובות של האחרים,לא,
8/1/2019 17:16:33,בוגר/ת,"או""פ (אוניברסיטה פתוחה)","תעשייה מסורתית (מפעלי ייצור, תעשייה אווירית/צבאית וכו').",רכש,,5-7,9500,שעתי,,לא,
8/1/2019 18:53:30,סטודנט/ית,אוניברסיטת אריאל,חברת יעוץ,"ניתוח, עיצוב, איפיון והטמעה של מערכות מידע",,0-1,35,שעתי,,לא,
8/1/2019 18:54:48,סטודנט/ית,"או""פ (אוניברסיטה פתוחה)",מוסד ממשלתי,ערכית תוכן + רשתות חברתיות,משרד הרווחה,10+,11000,גלובלי,"קבלת מחשב, טלפון , כיבוד, ביטוח מנהלים",לא,
8/1/2019 18:56:17,סטודנט/ית,אוניברסיטת אריאל,הייטק (סטארט-אפים וחברות גדולות),ניהול פרוייקטים/ PMO,,0-1,10000,שעתי,"50 לשעה , כ200 שעות חודשיות",לא,
8/1/2019 18:57:06,סטודנט/ית,"או""פ (אוניברסיטה פתוחה)","תעשייה מסורתית (מפעלי ייצור, תעשייה אווירית/צבאית וכו').",ניהול פרוייקטים/ PMO,,0-1,43,שעתי,,לא,
8/1/2019 19:05:09,סטודנט/ית,"או""פ (אוניברסיטה פתוחה)","תעשייה מסורתית (מפעלי ייצור, תעשייה אווירית/צבאית וכו').","תפעול וייצור (תפ""י)",,2-4,10000,שעתי,,לא,
8/1/2019 19:13:54,בוגר/ת,"או""פ (אוניברסיטה פתוחה)","תעשייה מסורתית (מפעלי ייצור, תעשייה אווירית/צבאית וכו').","תפעול וייצור (תפ""י)",,5-7,18000,גלובלי,,לא,
8/1/2019 19:21:07,בוגר/ת,HIT מכון טכנלוגי,יבואני רכב,הנדסת ארגון ושיטות,אלבר,5-7,12000,גלובלי,,כן,
8/1/2019 19:40:26,סטודנט/ית,אוניברסיטת אריאל,"תעשייה מסורתית (מפעלי ייצור, תעשייה אווירית/צבאית וכו').","ניתוח, עיצוב, איפיון והטמעה של מערכות מידע",לומינרה,0-1,45,שעתי,,לא,
8/1/2019 20:13:51,סטודנט/ית,"או""פ (אוניברסיטה פתוחה)","תעשייה מסורתית (מפעלי ייצור, תעשייה אווירית/צבאית וכו').","תפעול וייצור (תפ""י)",,0-1,7500,שעתי,,לא,
8/1/2019 20:15:08,בוגר/ת,אוניברסיטת אריאל,מוסד ממשלתי,"ניהול פרוייקטים/ PMO, הנדסת ארגון ושיטות",,2-4,11500,גלובלי,,לא,
8/1/2019 20:31:21,בוגר/ת,אוניברסיטת אריאל,"תעשייה מסורתית (מפעלי ייצור, תעשייה אווירית/צבאית וכו').","תפעול וייצור (תפ""י)",,0-1,12500,שעתי,משלמים נסיעות 1500 בחודש,לא,
8/1/2019 22:02:32,בוגר/ת,מכללת סמי שמעון,"תעשייה מסורתית (מפעלי ייצור, תעשייה אווירית/צבאית וכו').","ניהול פרוייקטים/ PMO, תפעול וייצור (תפ""י)",Ibbl,2-4,11500,גלובלי,"משכורת 13, קרן השתלמות, בונוסים, ",לא,
8/2/2019 15:43:41,בוגר/ת,טכניון,הייטק (סטארט-אפים וחברות גדולות),ניתוח נתונים - BI/Data analyst,Intel,2-4,22000,גלובלי,,לא,
8/2/2019 15:45:37,סטודנט/ית,טכניון,מוסד ממשלתי,"תפעול וייצור (תפ""י)",אלביט,0-1,4500,שעתי,,לא,
8/2/2019 15:47:26,סטודנט/ית,טכניון,הייטק (סטארט-אפים וחברות גדולות),ניתוח נתונים - BI/Data analyst,Intel,0-1,62,שעתי,,לא,
8/2/2019 15:48:07,בוגר/ת,אוניברסיטת אריאל,מוסד ממשלתי,הנדסת ארגון ושיטות,תאגיד מי רמת גן,2-4,13000,שעתי,קרן. השתלמות ואחזקת רכב מלאה ,לא,
8/2/2019 16:00:01,בוגר/ת,טכניון,"תעשייה מסורתית (מפעלי ייצור, תעשייה אווירית/צבאית וכו').",Data engineer ,Rafael,2-4,18000,שעתי,"שעות נוספות, בונוסים רבעוניים אחלה קרן השתלמות",לא,
8/2/2019 16:03:47,בוגר/ת,אוניברסיטת אריאל,"תעשייה מסורתית (מפעלי ייצור, תעשייה אווירית/צבאית וכו').",ניהול פרוייקטים/ PMO,אפרון,2-4,11000,גלובלי,קרן השתלמות מהשנה השניה,לא,
8/2/2019 16:16:54,סטודנט/ית,טכניון,"תעשייה מסורתית (מפעלי ייצור, תעשייה אווירית/צבאית וכו').",CI,אליאנס,0-1,50,שעתי,,לא,
8/2/2019 16:39:49,בוגר/ת,אוניברסיטת אריאל,הייטק (סטארט-אפים וחברות גדולות),הנדסת ארגון ושיטות,Applied Materials,5-7,21000,גלובלי,"משכורת 13, קרן השתלמות, ביטוח רפואי, מניות",כן,
8/2/2019 16:42:18,בוגר/ת,מכללת סמי שמעון,הייטק (סטארט-אפים וחברות גדולות),"תפעול וייצור (תפ""י)",FLEX,0-1,7500,שעתי,"הסעות + ארוחות חד""א",לא,
8/2/2019 16:52:49,בוגר/ת,אוניברסיטת אריאל,"תעשייה מסורתית (מפעלי ייצור, תעשייה אווירית/צבאית וכו').",ניהול פרוייקטים/ PMO,,2-4,12000,גלובלי,,כן,
8/2/2019 16:58:42,סטודנט/ית,אוניברסיטת אריאל,"תעשייה מסורתית (מפעלי ייצור, תעשייה אווירית/צבאית וכו').",רכש ולוגיסטיקה,,0-1,4500,שעתי,,לא,
8/2/2019 17:02:27,סטודנט/ית,טכניון,הייטק (סטארט-אפים וחברות גדולות),ניהול פרוייקטים/ PMO,Intel,0-1,50,שעתי,,לא,
8/2/2019 17:13:14,סטודנט/ית,המרכז האקדמי לב,הייטק (סטארט-אפים וחברות גדולות),ניהול פרוייקטים/ PMO,,2-4,4000,שעתי,,לא,
8/2/2019 17:16:27,סטודנט/ית,אוניברסיטת אריאל,הייטק (סטארט-אפים וחברות גדולות),"תפעול וייצור (תפ""י)",,0-1,35,שעתי,,לא,
8/2/2019 17:16:59,בוגר/ת,אוניברסיטת אריאל,הייטק (סטארט-אפים וחברות גדולות),QA (Software) - ידני,,0-1,11000,גלובלי,,לא,
8/2/2019 17:21:19,סטודנט/ית,מכללת אפקה,הייטק (סטארט-אפים וחברות גדולות),Devops,Intel,0-1,47,שעתי,,,
8/2/2019 17:21:45,סטודנט/ית,אוניברסיטת אריאל,"תעשייה מסורתית (מפעלי ייצור, תעשייה אווירית/צבאית וכו').",ניהול פרוייקטים/ PMO,,0-1,45,שעתי,,לא,
8/2/2019 17:22:14,סטודנט/ית,"או""פ (אוניברסיטה פתוחה)",מוסד ממשלתי,ניהול פרוייקטים/ PMO,,0-1,3800,שעתי,,לא,
8/2/2019 17:25:23,סטודנט/ית,"או""פ (אוניברסיטה פתוחה)",מוסד ממשלתי,ניהול פרוייקטים/ PMO,,0-1,30,שעתי,,לא,
8/2/2019 17:35:19,בוגר/ת,מכללת סמי שמעון,"תעשייה מסורתית (מפעלי ייצור, תעשייה אווירית/צבאית וכו').","תפעול וייצור (תפ""י)",סודהסטרים,0-1,9500,גלובלי,,לא,
8/2/2019 17:37:30,בוגר/ת,מכללת עזריאלי (המכללה להנדסה) ירושלים,הייטק (סטארט-אפים וחברות גדולות),ניתוח נתונים - BI/Data analyst,Exlibris,0-1,13000,גלובלי,קרן השתלמות,לא,
8/2/2019 17:41:24,סטודנט/ית,מכללת עזריאלי ירושלים,מוסד ממשלתי,ניתוח נתונים - BI/Data analyst,,0-1,34,שעתי,"קרן השתלמות, ארוחות",לא,
8/2/2019 17:43:00,סטודנט/ית,טכניון,הייטק (סטארט-אפים וחברות גדולות),ניתוח נתונים - BI/Data analyst,,0-1,70,שעתי,קרן השתלמות,לא,
8/2/2019 17:50:09,סטודנט/ית,"או""פ (אוניברסיטה פתוחה)",הייטק (סטארט-אפים וחברות גדולות),ניהול פרוייקטים/ PMO,,0-1,11500,גלובלי,"קרן השתלמות, בונוס שנתי, פנסיה ",לא,
8/2/2019 18:18:38,סטודנט/ית,"או""פ (אוניברסיטה פתוחה)",מוסד ממשלתי,"ניתוח נתונים - BI/Data analyst, ניתוח, עיצוב, איפיון והטמעה של מערכות מידע, QA (Software) - ידני",,2-4,5500,שעתי,"קרן השתלמות, ארוחות צהריים, הטבות שונות",לא,
8/2/2019 18:25:38,סטודנט/ית,"או""פ (אוניברסיטה פתוחה)","תעשייה מסורתית (מפעלי ייצור, תעשייה אווירית/צבאית וכו').",הנדסת ארגון ושיטות,,0-1,40,שעתי,כלום,לא,
8/2/2019 18:44:39,סטודנט/ית,טכניון,"תעשייה מסורתית (מפעלי ייצור, תעשייה אווירית/צבאית וכו').","תפעול וייצור (תפ""י)",,0-1,40,שעתי,,לא,
8/2/2019 18:59:56,סטודנט/ית,בן גוריון,"תעשייה מסורתית (מפעלי ייצור, תעשייה אווירית/צבאית וכו').","תפעול וייצור (תפ""י)",Elbit Systems,0-1,40,שעתי,,לא,
8/2/2019 19:02:01,בוגר/ת,בן גוריון,"תעשייה מסורתית (מפעלי ייצור, תעשייה אווירית/צבאית וכו').","תפעול וייצור (תפ""י)",Elbit Systems,0-1,10500,גלובלי,מצפים לכ20 שעות נוספות (אשר מקבלים עליהן עוד כסף),לא,
8/2/2019 19:14:06,סטודנט/ית,טכניון,הייטק (סטארט-אפים וחברות גדולות),ניהול פרוייקטים/ PMO,Intel,0-1,51.2,שעתי,"השתתפות בתוכנית מניות,תקציב איכות חיים, 3 ארוחות ביום, יום חופש בתשלום בחודש יום ההולדת, מתנות בתקופת מבחנים ",לא,
8/2/2019 19:19:36,סטודנט/ית,אוניברסיטת תל אביב,הייטק (סטארט-אפים וחברות גדולות),QA (Software) - ידני,,0-1,48,שעתי,,לא,
8/2/2019 19:23:46,בוגר/ת,אוניברסיטת תל אביב,חברת ייעוץ,"ניהול פרוייקטים/ PMO, הנדסת ארגון ושיטות",,2-4,12000,גלובלי,"בונוס חצי שנתי, קרן השתלמות, בעתיד רכב",לא,
8/2/2019 19:24:08,סטודנט/ית,"או""פ (אוניברסיטה פתוחה)","תעשייה מסורתית (מפעלי ייצור, תעשייה אווירית/צבאית וכו').",ניהול פרוייקטים/ PMO,WaterMatic,2-4,14000,גלובלי,,כן,
8/2/2019 20:21:06,סטודנט/ית,"או""פ (אוניברסיטה פתוחה)",ניהול פרויקטים ,ניהול פרוייקטים/ PMO,,2-4,8500,גלובלי,שווי רכב וכל ההוצאות הנלוות על חשבון החברה - מס שווי רכב על חשבוני,כן,
8/2/2019 21:47:00,סטודנט/ית,"או""פ (אוניברסיטה פתוחה)","תעשייה מסורתית (מפעלי ייצור, תעשייה אווירית/צבאית וכו').","תפעול וייצור (תפ""י)",,10+,13000,שעתי,קרן השתלמות,לא,
8/3/2019 1:07:16,סטודנט/ית,אוניברסיטת אריאל,"תעשייה מסורתית (מפעלי ייצור, תעשייה אווירית/צבאית וכו').","תפעול וייצור (תפ""י)",תעשייה אווירית,0-1,39,שעתי,,לא,
8/3/2019 9:47:15,סטודנט/ית,בן גוריון,הייטק (סטארט-אפים וחברות גדולות),ניתוח נתונים - BI/Data analyst,Solaredge,0-1,55,שעתי,,לא,
8/3/2019 11:59:51,בוגר/ת,טכניון,"תעשייה מסורתית (מפעלי ייצור, תעשייה אווירית/צבאית וכו').","תפעול וייצור (תפ""י)",,5-7,19000,גלובלי,קרן השתלמות,לא,
8/3/2019 12:07:26,בוגר/ת,בן גוריון,ייעוץ,"ניהול פרוייקטים/ PMO, ניתוח נתונים - BI/Data analyst, הנדסת ארגון ושיטות, ניתוח, עיצוב, איפיון והטמעה של מערכות מידע",,5-7,22000,גלובלי,"קרן השתלמות, בונוס שנתי",לא,
8/3/2019 13:56:31,בוגר/ת,טכניון,Low tech,ניהול פרוייקטים/ PMO,,0-1,13500,גלובלי,קרן השתלמות,לא,
8/3/2019 21:40:34,בוגר/ת,המכללה האקדמית להנדסה ירושלים ,"תעשייה מסורתית (מפעלי ייצור, תעשייה אווירית/צבאית וכו').","ניהול פרוייקטים/ PMO, הנדסת ארגון ושיטות",HP Indigo ,8-10,19000,גלובלי,קרן השתלמות. תנאים סוציאליים טובים מאוד ,כן,
8/4/2019 1:48:14,בוגר/ת,עזריאלי,מוסד ממשלתי,ניהול פרוייקטים/ PMO,,2-4,13000,גלובלי,,לא,
8/4/2019 7:21:33,סטודנט/ית,אוניברסיטת אריאל,"תעשייה מסורתית (מפעלי ייצור, תעשייה אווירית/צבאית וכו').",רכש ולוגיסטיקה,תעשייה אווירית,2-4,5500,שעתי,,לא,
8/4/2019 10:32:10,בוגר/ת,בן גוריון,"תעשייה מסורתית (מפעלי ייצור, תעשייה אווירית/צבאית וכו').",חברת ייעוץ,,2-4,12000,גלובלי,עם משכורת 13. ללא ארוחות והחזרי דלק,לא,
8/4/2019 13:37:23,סטודנט/ית,"או""פ (אוניברסיטה פתוחה)",מוסד ממשלתי,"תפעול וייצור (תפ""י)",,0-1,4100,שעתי,חצי משרה. יש קרן השתלמות,לא,
8/4/2019 21:15:35,סטודנט/ית,"או""פ (אוניברסיטה פתוחה)",מוסד ממשלתי,הנדסת ארגון ושיטות,משרד ראש הממשלה,0-1,4500,שעתי,תנאים של עובד מדינה,לא,
8/4/2019 21:19:04,בוגר/ת,HIT מכון טכנלוגי,מוסדות פיננסים וחברות ביטוח (בנקים וכו'),"ניהול פרוייקטים/ PMO, ניתוח נתונים - BI/Data analyst, הנדסת ארגון ושיטות",אקסלנס ביוסיינס,2-4,11000,גלובלי,קרן השתלמות אופציות תן ביס ,לא,
8/4/2019 21:21:06,בוגר/ת,מכללת אפקה,חברת פארמה קטנה,CRM Manager,Boehringer ingelheim,0-1,12000,גלובלי,"בונוס (בין משכורת לשתיים), טלפון, קרן השתלמות, סיבוס",לא,
8/4/2019 21:22:41,בוגר/ת,סינגלובסקי,פרטי,מכירות 😥,S.al,2-4,9000,גלובלי,,לא,
8/4/2019 21:23:00,בוגר/ת,המכללה להנדסה,בית חולים,"ניהול פרוייקטים/ PMO, הנדסת ארגון ושיטות",הדסה עין כרם,0-1,10000,גלובלי,קרן השתלמות בונוסים,לא,
8/4/2019 21:23:38,בוגר/ת,אוניברסיטת אריאל,"תעשייה מסורתית (מפעלי ייצור, תעשייה אווירית/צבאית וכו').","תפעול וייצור (תפ""י)",תנובה,8-10,16000,גלובלי,,כן,
8/4/2019 21:24:23,סטודנט/ית,"או""פ (אוניברסיטה פתוחה)","תעשייה מסורתית (מפעלי ייצור, תעשייה אווירית/צבאית וכו').",Devops,,0-1,10000,גלובלי,,כן,
8/4/2019 21:25:01,סטודנט/ית,אוניברסיטת אריאל,"תעשייה מסורתית (מפעלי ייצור, תעשייה אווירית/צבאית וכו').","תפעול וייצור (תפ""י)",תעשייה אווירית,0-1,40,שעתי,,לא,
8/4/2019 21:27:27,בוגר/ת,אוניברסיטת אריאל,"תעשייה מסורתית (מפעלי ייצור, תעשייה אווירית/צבאית וכו').",ניהול פרוייקטים/ PMO,תע''א,5-7,15000,גלובלי,,לא,
8/4/2019 21:28:29,סטודנט/ית,אוניברסיטת אריאל,"תעשייה מסורתית (מפעלי ייצור, תעשייה אווירית/צבאית וכו').",עוזרת מנהל פרוייקט לוגיסטי,תעשייה אווירית,0-1,39.04,שעתי,,לא,
8/4/2019 21:28:35,בוגר/ת,אוניברסיטת אריאל,"תעשייה מסורתית (מפעלי ייצור, תעשייה אווירית/צבאית וכו').",ניהול פרוייקטים/ PMO,,2-4,18000,גלובלי,קרן השתלמות,לא,
8/4/2019 21:28:49,בוגר/ת,אוניברסיטת אריאל,"תעשייה מסורתית (מפעלי ייצור, תעשייה אווירית/צבאית וכו').",ניהול,,2-4,8000,שעתי,,לא,
8/4/2019 21:29:26,בוגר/ת,אוניברסיטת אריאל,"תעשייה מסורתית (מפעלי ייצור, תעשייה אווירית/צבאית וכו').",ניהול,,2-4,8000,שעתי,,לא,
8/4/2019 21:29:27,בוגר/ת,אוניברסיטת אריאל,מוסדות פיננסים וחברות ביטוח (בנקים וכו'),ניתוח נתונים - BI/Data analyst,,2-4,13000,גלובלי,,לא,
8/4/2019 21:30:48,סטודנט/ית,אוניברסיטת אריאל,יעוץ,"ניהול פרוייקטים/ PMO, תפעול וייצור (תפ""י)",Teffen,0-1,35,שעתי,,לא,
8/4/2019 21:33:09,בוגר/ת,אוניברסיטת אריאל,מוסדות פיננסים וחברות ביטוח (בנקים וכו'),"ניהול פרוייקטים/ PMO, ניתוח, עיצוב, איפיון והטמעה של מערכות מידע",ממ,2-4,11000,שעתי,צכנ,לא,
8/4/2019 21:34:27,בוגר/ת,אוניברסיטת אריאל,הייטק (סטארט-אפים וחברות גדולות),מדעי נתונים - Data science,,2-4,25000,גלובלי,,לא,
8/4/2019 21:39:05,בוגר/ת,אוניברסיטת אריאל,מוסד ממשלתי,ניהול משרד טכני,,2-4,8000,שעתי,,לא,
8/4/2019 21:39:10,בוגר/ת,אוניברסיטת אריאל,חברת דלק,"ניהול פרוייקטים/ PMO, הנדסת ארגון ושיטות, מנהל תהליכים",חברת אנרגיה,2-4,15000,גלובלי,"משכורת 13, קרן השתלמות, חדר אוכל",לא,
8/4/2019 21:40:07,בוגר/ת,אוניברסיטת אריאל,"תעשייה מסורתית (מפעלי ייצור, תעשייה אווירית/צבאית וכו').","תפעול וייצור (תפ""י)",פוקס,2-4,12000,גלובלי,,לא,
8/4/2019 21:44:58,בוגר/ת,אוניברסיטת אריאל,"תעשייה מסורתית (מפעלי ייצור, תעשייה אווירית/צבאית וכו').","תפעול וייצור (תפ""י)",,2-4,18000,גלובלי,"משכורת 13, פרמיה רבעונית, קרן השתלמות, ביגוד",לא,
8/4/2019 21:50:20,סטודנט/ית,HIT מכון טכנלוגי,"תעשייה מסורתית (מפעלי ייצור, תעשייה אווירית/צבאית וכו').",קניינית רכש ומנהלת ספקים,תעשייה אוירית,2-4,4000,שעתי,משכורת 13 ,לא,
8/4/2019 21:54:11,בוגר/ת,מכללת סמי שמעון,"תעשייה מסורתית (מפעלי ייצור, תעשייה אווירית/צבאית וכו').","תפעול וייצור (תפ""י)",סיפן,0-1,9000,גלובלי,,לא,
8/4/2019 22:10:00,בוגר/ת,אוניברסיטת אריאל,הייטק (סטארט-אפים וחברות גדולות),ניתוח נתונים - BI/Data analyst,,2-4,16000,גלובלי,,לא,
8/4/2019 22:44:38,בוגר/ת,אוניברסיטת אריאל,"תעשייה מסורתית (מפעלי ייצור, תעשייה אווירית/צבאית וכו').","ניהול פרוייקטים/ PMO, תפעול וייצור (תפ""י)",,2-4,10500,גלובלי,קרן השתלמות,לא,
8/4/2019 23:37:13,בוגר/ת,אוניברסיטת אריאל,מוסד ממשלתי,הנדסת ארגון ושיטות,,8-10,25000,שעתי,,לא,
8/4/2019 23:43:31,בוגר/ת,אוניברסיטת אריאל,"תעשייה מסורתית (מפעלי ייצור, תעשייה אווירית/צבאית וכו').",ניהול פרוייקטים/ PMO,,2-4,10500,גלובלי,משכורת 13,לא,
8/4/2019 23:45:07,בוגר/ת,אוניברסיטת אריאל,"תעשייה מסורתית (מפעלי ייצור, תעשייה אווירית/צבאית וכו').",ניהול פרוייקטים/ PMO,,2-4,10500,גלובלי,"בונוס בסך משכורת מידי שנה, קרן השתלמות",לא,
8/5/2019 7:25:29,בוגר/ת,המרכז האקדמי רופין,חברת ייעוץ לניהול פרויקטים,ניהול פרוייקטים/ PMO,"אורנטק מערכות ניהוליות בע""מ",2-4,15000,גלובלי,קרן השתלמות מהיום הראשון,לא,
8/5/2019 9:48:15,בוגר/ת,מכללת סמי שמעון,"תעשייה מסורתית (מפעלי ייצור, תעשייה אווירית/צבאית וכו').","תפעול וייצור (תפ""י)",תעשייה אווירית ,2-4,19000,גלובלי,קרן התשלמות ,לא,
8/5/2019 11:13:34,סטודנט/ית,"או""פ (אוניברסיטה פתוחה)","תעשייה מסורתית (מפעלי ייצור, תעשייה אווירית/צבאית וכו').","תפעול וייצור (תפ""י)",Iscar,2-4,10500,שעתי,"קרן השתלמות, פלאפון",לא,
8/5/2019 11:56:07,בוגר/ת,מכללת אפקה,"תעשייה מסורתית (מפעלי ייצור, תעשייה אווירית/צבאית וכו').",מנהל רכש וקניינות,,2-4,13000,גלובלי,קרן השתלמות,לא,
8/5/2019 15:23:03,בוגר/ת,אוניברסיטת אריאל,מוסד ממשלתי,"ניהול פרוייקטים/ PMO, ניתוח נתונים - BI/Data analyst, ניתוח, עיצוב, איפיון והטמעה של מערכות מידע",,2-4,10000,גלובלי,השתלמות,כן,
8/6/2019 13:18:30,בוגר/ת,מכללת סמי שמעון,"תעשייה מסורתית (מפעלי ייצור, תעשייה אווירית/צבאית וכו').","ניהול פרוייקטים/ PMO, ניתוח נתונים - BI/Data analyst, הנדסת ארגון ושיטות, תפעול וייצור (תפ""י), ניתוח, עיצוב, איפיון והטמעה של מערכות מידע",,2-4,41,שעתי,,לא,
8/6/2019 13:50:23,סטודנט/ית,טכניון,הייטק (סטארט-אפים וחברות גדולות),"ניתוח נתונים - BI/Data analyst, מדעי נתונים - Data science, Devops",Intel,2-4,90,שעתי,,לא,
8/6/2019 15:15:14,בוגר/ת,מכללת סמי שמעון,"תעשייה מסורתית (מפעלי ייצור, תעשייה אווירית/צבאית וכו').","תפעול וייצור (תפ""י)",,2-4,12500,גלובלי,"משכורת 13 , קרן השתלמות, טלפון, בונוס שנתי",לא,
8/6/2019 19:20:10,סטודנט/ית,"או""פ (אוניברסיטה פתוחה)","תעשייה מסורתית (מפעלי ייצור, תעשייה אווירית/צבאית וכו').","תפעול וייצור (תפ""י)",אלתא,2-4,60,שעתי,,לא,
8/7/2019 17:08:27,סטודנט/ית,אוניברסיטת אריאל,"תעשייה מסורתית (מפעלי ייצור, תעשייה אווירית/צבאית וכו').","ניהול פרוייקטים/ PMO, תפעול וייצור (תפ""י)",פרופלוס,0-1,4000,שעתי,,לא,
8/11/2019 15:34:31,סטודנט/ית,טכניון,הייטק (סטארט-אפים וחברות גדולות),בקרה תקציבית,,0-1,60,שעתי,קרן השתלמות,לא,
8/12/2019 17:22:41,בוגר/ת,אוניברסיטת תל אביב,"תעשייה מסורתית (מפעלי ייצור, תעשייה אווירית/צבאית וכו').","ניתוח, עיצוב, איפיון והטמעה של מערכות מידע",צהל,5-7,12000,גלובלי,כלום ושום דבר,לא,
8/13/2019 6:39:23,סטודנט/ית,בן גוריון,הייטק (סטארט-אפים וחברות גדולות),ניתוח נתונים - BI/Data analyst,,2-4,55,שעתי,"תן ביס 100 ביום , נסיעות 50 ביום",לא,
8/14/2019 11:49:31,סטודנט/ית,HIT מכון טכנלוגי,"תעשייה מסורתית (מפעלי ייצור, תעשייה אווירית/צבאית וכו').",הנדסת ארגון ושיטות,תעשייה אווירית,0-1,55,שעתי,,לא,
8/14/2019 13:24:33,סטודנט/ית,"או""פ (אוניברסיטה פתוחה)","תעשייה מסורתית (מפעלי ייצור, תעשייה אווירית/צבאית וכו').",ניהול פרוייקטים/ PMO,אלתא,0-1,3000,שעתי,,לא,
8/14/2019 13:43:14,סטודנט/ית,HIT מכון טכנלוגי,מוסדות פיננסים וחברות ביטוח (בנקים וכו'),ניהול פרוייקטים/ PMO,,0-1,37.5,שעתי,,לא,
8/14/2019 21:13:13,סטודנט/ית,אוניברסיטת אריאל,מוסד ממשלתי,ניהול פרוייקטים/ PMO,,0-1,9000,שעתי,קרן השתלמות,לא,
8/14/2019 21:28:01,סטודנט/ית,אוניברסיטת אריאל,חברה מתפתחת בתחום ייצור,QA (Software) - ידני,,0-1,4500,שעתי,,לא,
8/14/2019 23:00:22,סטודנט/ית,אוניברסיטת אריאל,"תעשייה מסורתית (מפעלי ייצור, תעשייה אווירית/צבאית וכו').","תפעול וייצור (תפ""י)",אלביט מערכות-אלאופ,0-1,40,שעתי,ארוחת בוקר וצהריים כלול חינם,לא,
8/15/2019 16:06:49,בוגר/ת,טכניון,הייטק (סטארט-אפים וחברות גדולות),"ניתוח, עיצוב, איפיון והטמעה של מערכות מידע",Ncr,0-1,10000,גלובלי,,לא,
8/15/2019 23:30:25,סטודנט/ית,אוניברסיטת אריאל,שיווק והפצה,ניתוח נתונים - BI/Data analyst,ראלי וייס,0-1,5000,גלובלי,,לא,
8/15/2019 23:45:00,בוגר/ת,מכללת סמי שמעון,"תעשייה מסורתית (מפעלי ייצור, תעשייה אווירית/צבאית וכו').","תפעול וייצור (תפ""י)",,0-1,7500,שעתי,,לא,
8/19/2019 15:13:24,סטודנט/ית,מכללת סמי שמעון,הייטק (סטארט-אפים וחברות גדולות),"ניהול פרוייקטים/ PMO, ניתוח נתונים - BI/Data analyst, תכנות: Frontend/Backend/Fullstack",,0-1,10,שעתי,,,
8/22/2019 19:13:33,בוגר/ת,טכניון,"תעשייה מסורתית (מפעלי ייצור, תעשייה אווירית/צבאית וכו').","תפעול וייצור (תפ""י)",,5-7,19000,גלובלי,קרן השתלמות,לא,
8/22/2019 19:16:32,סטודנט/ית,מכללת סמי שמעון,"תעשייה מסורתית (מפעלי ייצור, תעשייה אווירית/צבאית וכו').",ניהול פרוייקטים/ PMO,טבע,0-1,33,שעתי,נסיעות ,לא,
8/22/2019 19:17:48,בוגר/ת,מרכז אקדמי לב,"תעשייה מסורתית (מפעלי ייצור, תעשייה אווירית/צבאית וכו').","ניתוח, עיצוב, איפיון והטמעה של מערכות מידע",ICL,5-7,10000,גלובלי,השכר כולל את הנסיעות והשעות הנוספות על המשרה המלאה.,לא,
8/22/2019 19:25:12,בוגר/ת,מכללת אפקה,מוסדות פיננסים וחברות ביטוח (בנקים וכו'),"ניהול פרוייקטים/ PMO, ניתוח, עיצוב, איפיון והטמעה של מערכות מידע",בזק,2-4,19000,גלובלי,,לא,
8/22/2019 19:39:28,בוגר/ת,מכללת סמי שמעון,צהל,"ניתוח נתונים - BI/Data analyst, תפעול וייצור (תפ""י), ניתוח, עיצוב, איפיון והטמעה של מערכות מידע",מבט לנגב,2-4,13000,גלובלי,,לא,
8/22/2019 19:49:53,סטודנט/ית,רופין,"תעשייה מסורתית (מפעלי ייצור, תעשייה אווירית/צבאית וכו').","תפעול וייצור (תפ""י), פלנר",.,0-1,45,שעתי,קרן השתלמות מהשנה הבאה,לא,
8/22/2019 19:51:19,בוגר/ת,בן גוריון,ייעוץ,הנדסת ארגון ושיטות,,5-7,20000,גלובלי,קרן השתלמות,לא,
8/22/2019 19:55:52,סטודנט/ית,מכללת סמי שמעון,מוסד ממשלתי,הנדסת ארגון ושיטות,,0-1,35,שעתי,,לא,
8/22/2019 20:28:16,בוגר/ת,"או""פ (אוניברסיטה פתוחה)","תעשייה מסורתית (מפעלי ייצור, תעשייה אווירית/צבאית וכו').","תפעול וייצור (תפ""י)",,8-10,15000,שעתי,קרן הש3,לא,
8/22/2019 20:48:43,בוגר/ת,"או""פ (אוניברסיטה פתוחה)",הייטק (סטארט-אפים וחברות גדולות),"הנדסת ארגון ושיטות, תפעול וייצור (תפ""י), לוגיסטיקה",Intel,2-4,10700,שעתי,"בונוסים, הטבות באשראי, קרן השתלמות, חדר כושר צמוד",לא,
8/22/2019 22:11:41,סטודנט/ית,"או""פ (אוניברסיטה פתוחה)",הייטק (סטארט-אפים וחברות גדולות),"ניתוח, עיצוב, איפיון והטמעה של מערכות מידע",Elbit,0-1,60,שעתי,,לא,
8/22/2019 22:12:07,בוגר/ת,בן גוריון,חברת ייעוץ,הנדסת ארגון ושיטות,,0-1,15000,גלובלי,,לא,
8/22/2019 23:15:10,בוגר/ת,אוניברסיטת אריאל,"תעשייה מסורתית (מפעלי ייצור, תעשייה אווירית/צבאית וכו').","תפעול וייצור (תפ""י)",אלתא,2-4,13000,שעתי,קרן השתלמות,לא,
8/23/2019 9:38:41,בוגר/ת,הקריה להנדסה בתל אביב,"תעשייה מסורתית (מפעלי ייצור, תעשייה אווירית/צבאית וכו').","תפעול וייצור (תפ""י)",ינון מאפים,0-1,8800,שעתי,לא,לא,
8/23/2019 11:50:16,בוגר/ת,אוניברסיטת אריאל,הייטק (סטארט-אפים וחברות גדולות),Rpa,Hms,0-1,14000,גלובלי,,לא,
8/25/2019 14:45:38,סטודנט/ית,בראודה,מוסד ממשלתי,עוזרת במטלות השוטפות,,0-1,3720,שעתי,"קרן השתלמות , פנסיה ",לא,
8/25/2019 14:48:51,סטודנט/ית,טכניון,הייטק (סטארט-אפים וחברות גדולות),"Devops, לא בדיוק DevOps אבל כן כתיבת סקריפטים בעיקר",אינטל,0-1,56,שעתי,,לא,
8/25/2019 14:53:35,סטודנט/ית,המרכז האקדמי לב,מוסד ממשלתי,ניתוח נתונים - BI/Data analyst,,0-1,4000,שעתי,שכר ממשלתי קבוע לסטודנטים,לא,
8/25/2019 16:25:40,בוגר/ת,עמק יזרעאל,מוסד ממשלתי,ניתוח נתונים - BI/Data analyst,,0-1,1100,גלובלי,"משרה ללא שעות נוספות, קרן השתלמות, 19 ימי חופשה",לא,
8/25/2019 16:29:58,בוגר/ת,מכללת סמי שמעון,חברת אופנה,יישום מערכות מידע,CASTRO,0-1,8500,גלובלי,,לא,
8/25/2019 16:36:30,סטודנט/ית,מכללת אפקה,"תעשייה מסורתית (מפעלי ייצור, תעשייה אווירית/צבאית וכו').",ניהול פרוייקטים/ PMO,,0-1,35,שעתי,,לא,
8/25/2019 17:19:32,בוגר/ת,בן גוריון,הייטק (סטארט-אפים וחברות גדולות),"ניתוח, עיצוב, איפיון והטמעה של מערכות מידע",,2-4,16500,גלובלי,,לא,
8/25/2019 17:36:23,בוגר/ת,מכללת סמי שמעון,"תעשייה מסורתית (מפעלי ייצור, תעשייה אווירית/צבאית וכו').",ניהול פרוייקטים/ PMO,Elal,0-1,12800,גלובלי,"משכורת 13, קרן השתלמות",לא,
8/25/2019 18:22:44,סטודנט/ית,אוניברסיטת אריאל,"תעשייה מסורתית (מפעלי ייצור, תעשייה אווירית/צבאית וכו').","תפעול וייצור (תפ""י)",Elbit ,0-1,35,שעתי,,לא,
8/28/2019 12:12:25,סטודנט/ית,אוניברסיטת אריאל,"תעשייה מסורתית (מפעלי ייצור, תעשייה אווירית/צבאית וכו').",הנדסת ארגון ושיטות,Maytronucs,0-1,40,שעתי,,לא,
9/4/2019 15:21:23,סטודנט/ית,טכניון,"תעשייה מסורתית (מפעלי ייצור, תעשייה אווירית/צבאית וכו').","תפעול וייצור (תפ""י)",רפאל,0-1,45,שעתי,,לא,
9/4/2019 21:37:44,סטודנט/ית,"או""פ (אוניברסיטה פתוחה)","תעשייה מסורתית (מפעלי ייצור, תעשייה אווירית/צבאית וכו').","תפעול וייצור (תפ""י)",Hanson,0-1,11000,שעתי,,לא,
9/4/2019 21:44:03,סטודנט/ית,"או""פ (אוניברסיטה פתוחה)",לא עובד,ניהול פרוייקטים/ PMO,,0-1,2000,שעתי,,לא,
9/4/2019 22:14:30,בוגר/ת,טכניון,הייטק (סטארט-אפים וחברות גדולות),"ניתוח, עיצוב, איפיון והטמעה של מערכות מידע",,10+,35000,גלובלי,,כן,
9/4/2019 23:23:19,בוגר/ת,רופין,"תעשייה מסורתית (מפעלי ייצור, תעשייה אווירית/צבאית וכו').","תפעול וייצור (תפ""י)",Flex,2-4,9100,שעתי,"החזרי דלק, חצי ש'ח לק""מ",לא,
9/5/2019 0:04:11,סטודנט/ית,"או""פ (אוניברסיטה פתוחה)",מוסד ממשלתי,פתיחות תיקים ודוחות תפעוליים,רשות האכיפה והגביה,2-4,5800,שעתי,"תנאי עובד מדינה, קרן השתלמות וכל מה שחובה. עבודה עד 120 שעות בחודש. ",לא,
9/9/2019 18:52:46,בוגר/ת,מכללת אפקה,הייטק (סטארט-אפים וחברות גדולות),Business Analyst,Bolt solutions ,2-4,15000,גלובלי,,לא,
9/11/2019 13:02:51,סטודנט/ית,"או""פ (אוניברסיטה פתוחה)",מוסד ממשלתי,"ניהול פרוייקטים/ PMO, ניתוח נתונים - BI/Data analyst",צהל,2-4,37,שעתי,"יש קרן השתלמות, פנסיה גבוהה, חברות בארגון עובדים עם הטבות והכי חשוב שעות גמישות מאוד",לא,
9/27/2019 13:38:07,סטודנט/ית,"או""פ (אוניברסיטה פתוחה)",הייטק (סטארט-אפים וחברות גדולות),ניהול פרוייקטים/ PMO,,0-1,10000,שעתי,"קרן השתלמות, הטבות וכו ",לא,
9/27/2019 13:38:14,סטודנט/ית,טכניון,"תעשייה מסורתית (מפעלי ייצור, תעשייה אווירית/צבאית וכו').","תפעול וייצור (תפ""י)",,0-1,40,שעתי,,לא,
9/27/2019 13:41:08,סטודנט/ית,אורט בראודה,"תעשייה מסורתית (מפעלי ייצור, תעשייה אווירית/צבאית וכו').","ניהול פרוייקטים/ PMO, הנדסת ארגון ושיטות",Palram,0-1,42,שעתי,,לא,
9/27/2019 14:31:22,סטודנט/ית,"או""פ (אוניברסיטה פתוחה)",מוסד ממשלתי,"פקיד מזונות, פתיחת תיקים ודוחות תפעוליים",רשות האכיפה והגביה,2-4,5000,שעתי,קרן השתלמות ,לא,
9/27/2019 16:44:06,סטודנט/ית,בן גוריון,חברת ייעוץ,הנדסת ארגון ושיטות,,0-1,50,שעתי,אין קרן השתלמות. משכורת למשרה מלאה 10000 ברוטו,לא,
9/27/2019 18:37:03,בוגר/ת,אוניברסיטת אריאל,הייטק (סטארט-אפים וחברות גדולות),ניתוח נתונים - BI/Data analyst,Unilever,0-1,13500,שעתי,"חצי שנה דרך חברת כא , כל התנאים מהיום הראשון",לא,
9/28/2019 4:00:34,סטודנט/ית,"או""פ (אוניברסיטה פתוחה)","תעשייה מסורתית (מפעלי ייצור, תעשייה אווירית/צבאית וכו').","תפעול וייצור (תפ""י)",,0-1,14000,שעתי,קרן השתלמות ,לא,
10/4/2019 9:11:44,בוגר/ת,אוניברסיטת אריאל,מוסד ממשלתי,ניהול משרד טכני,,0-1,8000,שעתי,,לא,
10/4/2019 18:45:13,סטודנט/ית,אוניברסיטת אריאל,הייטק (סטארט-אפים וחברות גדולות),Support,,0-1,5000,שעתי,,לא,
10/4/2019 18:46:43,בוגר/ת,מכללת אפקה,הייטק (סטארט-אפים וחברות גדולות),"ניהול פרוייקטים/ PMO, ניתוח, עיצוב, איפיון והטמעה של מערכות מידע",Bolt,2-4,15000,גלובלי,,לא,
10/4/2019 18:49:15,בוגר/ת,HIT מכון טכנלוגי,הייטק (סטארט-אפים וחברות גדולות),Devops,,0-1,8000,שעתי,,לא,
10/4/2019 18:56:49,סטודנט/ית,מכללת אפקה,בית קפה,"ניהול פרוייקטים/ PMO, הנדסת ארגון ושיטות, תפעול וייצור (תפ""י), ניתוח, עיצוב, איפיון והטמעה של מערכות מידע",,0-1,5000,שעתי,,לא,
10/4/2019 18:57:46,בוגר/ת,בן גוריון,חברת ייעוץ,ניהול פרוייקטים/ PMO,,0-1,10500,גלובלי,משכורת 13,לא,
10/4/2019 19:04:58,סטודנט/ית,"או""פ (אוניברסיטה פתוחה)","תעשייה מסורתית (מפעלי ייצור, תעשייה אווירית/צבאית וכו').",הנדסת איכות,אלביט,0-1,4000,שעתי,אחזקת רכב- 1800 למשרה מלאה- על פי מספר ימיי ההגעה,לא,
10/4/2019 19:31:14,בוגר/ת,מכללת סמי שמעון,"תעשייה מסורתית (מפעלי ייצור, תעשייה אווירית/צבאית וכו').","תפעול וייצור (תפ""י)",,2-4,11500,שעתי,משכורת 13 + קרן השתלמות + בונוס שנתי,לא,
10/4/2019 19:38:01,סטודנט/ית,"או""פ (אוניברסיטה פתוחה)",מסחר בציוד מכני הנדסי,"הנדסת ארגון ושיטות, ייעוץ לוגיסטי",,2-4,11200,שעתי,כלום,לא,
10/5/2019 20:56:54,בוגר/ת,אוניברסיטת אריאל,הייטק (סטארט-אפים וחברות גדולות),"תפעול וייצור (תפ""י)",,0-1,12000,גלובלי,קרן השתלמות,לא,
10/8/2019 16:51:11,סטודנט/ית,בן גוריון,"תעשייה מסורתית (מפעלי ייצור, תעשייה אווירית/צבאית וכו').","תפעול וייצור (תפ""י)",,0-1,34,שעתי,,לא,
10/16/2019 12:05:29,בוגר/ת,"או""פ (אוניברסיטה פתוחה)","תעשייה מסורתית (מפעלי ייצור, תעשייה אווירית/צבאית וכו').","ניתוח נתונים - BI/Data analyst, כלכלן",ויטה,5-7,12500,גלובלי,עבודה בצפון,לא,
10/25/2019 8:04:43,סטודנט/ית,אוניברסיטת אריאל,מוסד ממשלתי,"תפעול וייצור (תפ""י)",משרד הבינוי והשיכון,0-1,40,שעתי,,לא,
11/3/2019 18:01:35,בוגר/ת,מכללת בראודה,"תעשייה מסורתית (מפעלי ייצור, תעשייה אווירית/צבאית וכו').",הנדסת ארגון ושיטות,סנמינה,2-4,10000,גלובלי,קרן השתלמות,לא,
11/12/2019 15:14:08,בוגר/ת,מכללת אפקה,מוסדות פיננסים וחברות ביטוח (בנקים וכו'),ניתוח נתונים - BI/Data analyst,הפניקס,2-4,13000,גלובלי,משכורת 13 וקרן השתלמות,לא,
11/15/2019 13:21:55,בוגר/ת,מכללת אפקה,מוסדות פיננסים וחברות ביטוח (בנקים וכו'),מפתח RPA,EY,0-1,11000,שעתי,,לא,
11/16/2019 19:31:00,סטודנט/ית,מכללת בראודה ,"תעשייה מסורתית (מפעלי ייצור, תעשייה אווירית/צבאית וכו').","תפעול וייצור (תפ""י)",תב מדיקל ,0-1,9000,שעתי,,לא,
11/16/2019 19:31:21,בוגר/ת,מכללת בראודה,חברת לואו טק,"תפעול וייצור (תפ""י)",,0-1,9800,גלובלי,קרן השתלמות ,לא,
11/16/2019 19:37:58,סטודנט/ית,בן גוריון,הייטק (סטארט-אפים וחברות גדולות),ניתוח נתונים - BI/Data analyst,wix,0-1,75,שעתי,,לא,
11/16/2019 19:54:24,סטודנט/ית,מכללת סמי שמעון,"תעשייה מסורתית (מפעלי ייצור, תעשייה אווירית/צבאית וכו').",ניהול פרוייקטים/ PMO,אלתא,0-1,5000,שעתי,,לא,
11/16/2019 20:13:45,סטודנט/ית,בן גוריון,חברת ייעוץ,"ניהול פרוייקטים/ PMO, הנדסת ארגון ושיטות",,0-1,50,שעתי,,לא,
11/16/2019 20:50:24,בוגר/ת,מכללת שנקר,הייטק (סטארט-אפים וחברות גדולות),ניתוח נתונים - BI/Data analyst,,2-4,14000,גלובלי,,לא,
11/17/2019 13:04:22,סטודנט/ית,"או""פ (אוניברסיטה פתוחה)",קמעונות,ניהול מערכות מידע,,0-1,42,שעתי,אין,לא,
11/28/2019 10:47:18,סטודנט/ית,HIT מכון טכנלוגי,"תעשייה מסורתית (מפעלי ייצור, תעשייה אווירית/צבאית וכו').",הבטחת איכות - הכשרה ותיקוף מערכות ותהליכים,שירותי בריאות כללית,0-1,9800,גלובלי,"קרן השתלמות, גמל, אחזקת רכב",לא,
11/28/2019 10:49:14,סטודנט/ית,"או""פ (אוניברסיטה פתוחה)",בית תוכנה מערכות מידע,"ניתוח, עיצוב, איפיון והטמעה של מערכות מידע",,2-4,55,שעתי,קרן השתלמות,לא,
11/28/2019 10:52:16,סטודנט/ית,"או""פ (אוניברסיטה פתוחה)",מוסד ממשלתי,"ניתוח נתונים - BI/Data analyst, הנדסת ארגון ושיטות",רפאל,0-1,45,שעתי,הבראה,לא,
11/28/2019 10:52:23,סטודנט/ית,"או""פ (אוניברסיטה פתוחה)",מוסד ממשלתי,"ניתוח נתונים - BI/Data analyst, הנדסת ארגון ושיטות",רפאל,0-1,45,שעתי,הבראה,לא,
11/28/2019 12:22:36,סטודנט/ית,בן גוריון,מוסד ממשלתי,תרגום,,0-1,5500,שעתי,,לא,
11/28/2019 17:40:39,סטודנט/ית,מכללת אפקה,הייטק (סטארט-אפים וחברות גדולות),"ניהול פרוייקטים/ PMO, ניתוח נתונים - BI/Data analyst, ניתוח, עיצוב, איפיון והטמעה של מערכות מידע",,0-1,3800,שעתי,,לא,
12/3/2019 10:05:49,בוגר/ת,המכללה להנדסה ירושלים,חברת ייעוץ,"ייעוץ מערכות טכנולוגיות, ניהול פרויקטים",חברת ייעוץ,0-1,10000,גלובלי,"משכורת 10k עבור 168 שעות בחודש, סבסוד ארוחות",לא,
12/4/2019 0:01:47,סטודנט/ית,מכללת אפקה,הייטק (סטארט-אפים וחברות גדולות),"ניתוח נתונים - BI/Data analyst, מדעי נתונים - Data science",,0-1,5200,גלובלי,,לא,
12/5/2019 20:11:17,בוגר/ת,בן גוריון,הייטק (סטארט-אפים וחברות גדולות),"ניתוח, עיצוב, איפיון והטמעה של מערכות מידע",מטריקס,2-4,14000,גלובלי,קרן השתלמות,כן,
12/5/2019 20:32:42,בוגר/ת,HIT מכון טכנלוגי,הייטק (סטארט-אפים וחברות גדולות),"ניתוח, עיצוב, איפיון והטמעה של מערכות מידע, יישום מערכת אוטומציה",בינת תקשורת מחשבים,0-1,10000,גלובלי,קרן השתלמות,לא,
12/5/2019 20:38:27,סטודנט/ית,אוניברסיטת אריאל,מוסדות פיננסים וחברות ביטוח (בנקים וכו'),"ניהול פרוייקטים/ PMO, ניתוח נתונים - BI/Data analyst",,0-1,40,שעתי,,לא,
12/5/2019 20:52:52,בוגר/ת,טכניון,"תעשייה מסורתית (מפעלי ייצור, תעשייה אווירית/צבאית וכו').",הנדסת ארגון ושיטות,,10+,25000,גלובלי,,לא,
12/5/2019 21:30:00,בוגר/ת,אוניברסיטת אריאל,"תעשייה מסורתית (מפעלי ייצור, תעשייה אווירית/צבאית וכו').",הנדסת ארגון ושיטות,,0-1,11500,שעתי,"בונוס, קרן השתלמות, פלאפון ",לא,
12/5/2019 21:56:53,בוגר/ת,טכניון,"תעשייה מסורתית (מפעלי ייצור, תעשייה אווירית/צבאית וכו').","תפעול וייצור (תפ""י)",,5-7,19000,גלובלי,קרן השתלמות,לא,
12/6/2019 0:03:25,בוגר/ת,אוניברסיטת אריאל,מוסד ממשלתי,ניהול פרוייקטים/ PMO,,2-4,15000,גלובלי,השתלמות,כן,
12/8/2019 0:39:10,בוגר/ת,אוניברסיטת אריאל,מוסד ממשלתי,"ניתוח, עיצוב, איפיון והטמעה של מערכות מידע",,0-1,8000,גלובלי,,לא,
12/9/2019 9:22:47,סטודנט/ית,מכללת שנקר,הייטק (סטארט-אפים וחברות גדולות),"ניתוח, עיצוב, איפיון והטמעה של מערכות מידע",KPMG,0-1,12000,גלובלי,"קרן השתלמות, החזרי נסיעות 500 ברוטו בחודש",כן,
12/9/2019 9:38:16,סטודנט/ית,מכללת שנקר,מוסד ממשלתי,ניהול פרוייקטים/ PMO,יחידה צבאית,2-4,6500,שעתי,"80 אחוז משרה, קרן השתלמות",לא,
12/9/2019 11:04:44,סטודנט/ית,בן גוריון,הייטק (סטארט-אפים וחברות גדולות),ניתוח נתונים - BI/Data analyst,,0-1,6000,גלובלי,,לא,
12/9/2019 12:58:31,סטודנט/ית,מכללת שנקר,הייטק (סטארט-אפים וחברות גדולות),ניתוח נתונים - BI/Data analyst,Sense,0-1,8200,שעתי,סיבוס 20,לא,
12/9/2019 13:00:31,סטודנט/ית,מכללת שנקר,"תעשייה מסורתית (מפעלי ייצור, תעשייה אווירית/צבאית וכו').","תפעול וייצור (תפ""י)",,2-4,40,שעתי,,לא,
12/9/2019 13:22:49,סטודנט/ית,מכללת שנקר,הייטק (סטארט-אפים וחברות גדולות),ניהול פרוייקטים/ PMO,,0-1,7000,שעתי,,,
12/9/2019 13:51:12,סטודנט/ית,מכללת שנקר,"תעשייה מסורתית (מפעלי ייצור, תעשייה אווירית/צבאית וכו').",תכנון ובקרה,תעשייה אווירית,0-1,59.25,שעתי,,לא,
12/9/2019 19:08:36,בוגר/ת,מכללת עזריאלי,הייטק (סטארט-אפים וחברות גדולות),ניתוח נתונים - BI/Data analyst,EXLibris,2-4,12900,גלובלי,קרן השתלמות+קרן פנסיה מהיום הראשון. חופשת מחלה 100%מהיום השני. ביטוח בריאות לעובדים ולבני זוגם,לא,
12/9/2019 19:09:22,בוגר/ת,בן גוריון,ייעוץ,הנדסת ארגון ושיטות,,0-1,15000,גלובלי,"קרן השתלמות, הוצאות נסיעה ",לא,
12/9/2019 19:17:39,בוגר/ת,אוניברסיטת אריאל,"תעשייה מסורתית (מפעלי ייצור, תעשייה אווירית/צבאית וכו').","תפעול וייצור (תפ""י)",אלישרא,2-4,15900,גלובלי,"משכורת 13,14 קרן השתלמות",לא,
12/9/2019 19:22:21,בוגר/ת,האקדמית תל אביב יפו,הייטק (סטארט-אפים וחברות גדולות),QA (Software) - ידני,,2-4,13500,גלובלי,,לא,
12/9/2019 19:31:23,בוגר/ת,"או""פ (אוניברסיטה פתוחה)",הייטק (סטארט-אפים וחברות גדולות),"ניתוח נתונים - BI/Data analyst, מדעי נתונים - Data science",,2-4,16000,גלובלי,קרן השתלמות,לא,
12/9/2019 21:11:19,בוגר/ת,רופין,תחום הפארמה,sales force - support and solutions,,0-1,8500,גלובלי,,לא,
12/10/2019 13:45:16,סטודנט/ית,מכללת שנקר,עבודה מזדמנת,שליחויות,,2-4,4200,שעתי,,לא,
12/11/2019 10:23:01,סטודנט/ית,מכללת שנקר,חברה פרטית קטנה,"ניהול פרוייקטים/ PMO, ייעוץ ניהולי ועסקי",,0-1,5500,שעתי,,לא,
12/12/2019 14:19:46,סטודנט/ית,מכללת סמי שמעון,הייטק (סטארט-אפים וחברות גדולות),ניתוח נתונים - BI/Data analyst,,0-1,50,שעתי,,לא,
12/13/2019 13:34:16,סטודנט/ית,אוניברסיטת תל אביב,הייטק (סטארט-אפים וחברות גדולות),תכנות: Frontend/Backend/Fullstack,,2-4,8000,גלובלי,,לא,
12/13/2019 13:36:54,סטודנט/ית,מכללת אפקה,"תעשייה מסורתית (מפעלי ייצור, תעשייה אווירית/צבאית וכו').",מנהלת תפעול ובקרה ,אלביט יבשה ותעש,0-1,13000,גלובלי,,כן,
12/13/2019 13:36:57,סטודנט/ית,מכללת אפקה,"תעשייה מסורתית (מפעלי ייצור, תעשייה אווירית/צבאית וכו').",מנהלת תפעול ובקרה ,אלביט יבשה ותעש,0-1,13000,גלובלי,,כן,
12/13/2019 14:26:15,סטודנט/ית,"או""פ (אוניברסיטה פתוחה)",הייטק (סטארט-אפים וחברות גדולות),ניהול פרוייקטים/ PMO,ACS motion control ,2-4,11500,גלובלי,"קרן השתלמות, כיסוי אובדן כושר עבודה מורחב",לא,
12/13/2019 15:20:04,סטודנט/ית,"או""פ (אוניברסיטה פתוחה)",הייטק (סטארט-אפים וחברות גדולות),ניהול פרוייקטים/ PMO,Vs,2-4,13000,גלובלי,,כן,
12/13/2019 18:23:20,סטודנט/ית,מכללת אפקה,הייטק (סטארט-אפים וחברות גדולות),"ניתוח, עיצוב, איפיון והטמעה של מערכות מידע",Stma,0-1,9000,גלובלי,,כן,
12/15/2019 20:10:53,בוגר/ת,אוניברסיטת אריאל,"תעשייה מסורתית (מפעלי ייצור, תעשייה אווירית/צבאית וכו').","תפעול וייצור (תפ""י)",Ophir ,2-4,11000,שעתי,,לא,
12/15/2019 20:56:12,סטודנט/ית,אוניברסיטת אריאל,"תעשייה מסורתית (מפעלי ייצור, תעשייה אווירית/צבאית וכו').","ניהול פרוייקטים/ PMO, תפעול וייצור (תפ""י), ניתוח, עיצוב, איפיון והטמעה של מערכות מידע",תעשיה אווירית,2-4,59,שעתי,יש קרן השתלמות ופנסיה,לא,
12/23/2019 9:01:02,סטודנט/ית,מכללת סמי שמעון,"תעשייה מסורתית (מפעלי ייצור, תעשייה אווירית/צבאית וכו').","תפעול וייצור (תפ""י)",אלתא,0-1,54,שעתי,,לא,
12/23/2019 9:20:21,סטודנט/ית,מכללת סמי שמעון,"תעשייה מסורתית (מפעלי ייצור, תעשייה אווירית/צבאית וכו').","תפעול וייצור (תפ""י)",,0-1,40,שעתי,,,
12/23/2019 9:39:55,בוגר/ת,אוניברסיטת אריאל,הייטק (סטארט-אפים וחברות גדולות),ניהול פרוייקטים/ PMO,Amdocs,2-4,17000,גלובלי,,לא,
12/27/2019 9:37:03,בוגר/ת,אוניברסיטת אריאל,"תעשייה מסורתית (מפעלי ייצור, תעשייה אווירית/צבאית וכו').",הנדסת ארגון ושיטות,קבוצת פוקס,0-1,8000,גלובלי,,לא,
12/27/2019 13:53:01,בוגר/ת,"או""פ (אוניברסיטה פתוחה)",מוסדות פיננסים וחברות ביטוח (בנקים וכו'),ניתוח נתונים - BI/Data analyst,כלל,0-1,100,שעתי,,לא,
12/28/2019 15:53:29,סטודנט/ית,"או""פ (אוניברסיטה פתוחה)","תעשייה מסורתית (מפעלי ייצור, תעשייה אווירית/צבאית וכו').","תפעול וייצור (תפ""י)",,0-1,7200,שעתי,,לא,
12/28/2019 16:18:41,סטודנט/ית,מכללת סמי שמעון,נמל אשדוד,ניהול פרוייקטים/ PMO,,0-1,32,שעתי,,לא,
12/28/2019 17:07:01,בוגר/ת,מוסד ממש טוב,"תעשייה מסורתית (מפעלי ייצור, תעשייה אווירית/צבאית וכו').","ניהול פרוייקטים/ PMO, תפעול וייצור (תפ""י)",Flex,0-1,9000,שעתי,"קרן השתלמות, ארוחות, הסעות, בונוסים רבעוניים",לא,
12/28/2019 17:42:39,סטודנט/ית,אוניברסיטת אריאל,הייטק (סטארט-אפים וחברות גדולות),ניתוח נתונים - BI/Data analyst,Oolo,0-1,45,שעתי,,לא,
12/29/2019 0:04:56,סטודנט/ית,"או""פ (אוניברסיטה פתוחה)",מוסד ממשלתי,"ניהול פרוייקטים/ PMO, System",,0-1,16000,גלובלי,קרן השתלמות ,,
12/29/2019 16:10:40,סטודנט/ית,מכללת שנקר,הייטק (סטארט-אפים וחברות גדולות),ניתוח נתונים - BI/Data analyst,,0-1,45,שעתי,,לא,
12/29/2019 16:29:59,סטודנט/ית,אוניברסיטת אריאל,"תעשייה מסורתית (מפעלי ייצור, תעשייה אווירית/צבאית וכו').",ניהול פרוייקטים/ PMO,,0-1,41,שעתי,לא,לא,
1/2/2020 12:31:00,סטודנט/ית,בן גוריון,הייטק (סטארט-אפים וחברות גדולות),"תפעול וייצור (תפ""י)",אירספאן,0-1,7000,שעתי,קרן השתלמות,לא,
1/2/2020 12:37:08,סטודנט/ית,אוניברסיטת אריאל,הייטק (סטארט-אפים וחברות גדולות),HELP DESK,EPR SYSTEMS,0-1,7500,גלובלי,כלום,לא,
1/5/2020 13:19:36,בוגר/ת,מכללת ספיר,"תעשייה מסורתית (מפעלי ייצור, תעשייה אווירית/צבאית וכו').","תפעול וייצור (תפ""י)",smarTrike,2-4,8400,גלובלי,לא,לא,
1/8/2020 13:48:08,סטודנט/ית,אוניברסיטת תל אביב,הייטק (סטארט-אפים וחברות גדולות),"ניהול פרוייקטים/ PMO, מדעי נתונים - Data science, ניתוח, עיצוב, איפיון והטמעה של מערכות מידע",Forescout,0-1,60,שעתי,השתלמות+ פנסיה מיום ראשןן,לא,
1/10/2020 11:41:23,בוגר/ת,אקדמית יפו,מוסד ממשלתי,"ניתוח, עיצוב, איפיון והטמעה של מערכות מידע",,0-1,10500,גלובלי,,לא,
1/10/2020 11:46:05,סטודנט/ית,בן גוריון,הייטק (סטארט-אפים וחברות גדולות),Product analyst ,,0-1,60,שעתי,,לא,
1/10/2020 11:46:15,סטודנט/ית,מכללת שנקר,הייטק (סטארט-אפים וחברות גדולות),ניתוח נתונים - BI/Data analyst,Dell,0-1,30,שעתי,,לא,
1/10/2020 12:00:54,בוגר/ת,עזריאלי,מוסד ממשלתי,Analyst soc tier 2,,2-4,12000,שעתי,"קרן השתלמות, פנסיה",לא,
1/10/2020 15:48:02,סטודנט/ית,אוניברסיטת אריאל,הייטק (סטארט-אפים וחברות גדולות),ניהול פרוייקטים/ PMO,מובילאיי,0-1,40,שעתי,,לא,
1/14/2020 10:03:21,בוגר/ת,מכללת סמי שמעון,Low tech,מנהל פרויקטים ומנתח מערכות,ElAL,2-4,11300,גלובלי,קרן השתלמות,לא,
1/19/2020 9:02:22,בוגר/ת,מכללת סמי שמעון,"תעשייה מסורתית (מפעלי ייצור, תעשייה אווירית/צבאית וכו').","תפעול וייצור (תפ""י)",Risco,0-1,8600,גלובלי,,לא,
1/19/2020 9:07:59,סטודנט/ית,מכללת שנקר,"תעשייה מסורתית (מפעלי ייצור, תעשייה אווירית/צבאית וכו').",רכש,Elbit,2-4,5000,שעתי,יש מענקים כל שנה ומשכורת 13 לעובדי מפעל אבל לא לסטודנטים ,לא,
1/19/2020 10:36:02,בוגר/ת,רופין,תכנון רמזורים,ניהול פרוייקטים/ PMO,,0-1,9200,גלובלי,אין ,לא,
1/21/2020 10:34:23,סטודנט/ית,מכללת שנקר,הייטק (סטארט-אפים וחברות גדולות),ניתוח נתונים - BI/Data analyst,,0-1,10000,שעתי,,לא,
1/23/2020 13:08:21,סטודנט/ית,אוניברסיטת אריאל,מוסדות פיננסים וחברות ביטוח (בנקים וכו'),"ניתוח, עיצוב, איפיון והטמעה של מערכות מידע, Salesforce",,0-1,50,שעתי,,לא,
1/23/2020 13:12:10,סטודנט/ית,"או""פ (אוניברסיטה פתוחה)","תעשייה מסורתית (מפעלי ייצור, תעשייה אווירית/צבאית וכו').","תפעול וייצור (תפ""י)",אלתא מערכות,0-1,49.8,שעתי,שכר סטודנטים מצטיינים,לא,
1/23/2020 13:33:57,סטודנט/ית,"או""פ (אוניברסיטה פתוחה)","תעשייה מסורתית (מפעלי ייצור, תעשייה אווירית/צבאית וכו').","הנדסת ארגון ושיטות, תפעול וייצור (תפ""י)",רהיטי הכוח,10+,13000,גלובלי,איו,לא,
1/23/2020 14:42:23,בוגר/ת,טכניון,"תעשייה מסורתית (מפעלי ייצור, תעשייה אווירית/צבאית וכו').",ניהול פרוייקטים/ PMO,יוניון מוטורס,2-4,12000,גלובלי,משכורת 13 + קרן השתלמות,כן,
1/23/2020 16:23:25,סטודנט/ית,בן גוריון,מוסדות פיננסים וחברות ביטוח (בנקים וכו'),ניתוח נתונים - BI/Data analyst,,0-1,12223,שעתי,,לא,
1/23/2020 16:26:05,סטודנט/ית,אוניברסיטת אריאל,"תעשייה מסורתית (מפעלי ייצור, תעשייה אווירית/צבאית וכו').",תכנון ובקרה,תעשייה אווירית,2-4,42,שעתי,אין,לא,
1/23/2020 16:28:20,בוגר/ת,אוניברסיטת אריאל,הייטק (סטארט-אפים וחברות גדולות),ניתוח נתונים - BI/Data analyst,Sagarmatha ,0-1,12000,גלובלי,"קרן השתלמות, אופציות בחברה",לא,
1/23/2020 16:39:04,בוגר/ת,מכללת אפקה,מוסדות פיננסים וחברות ביטוח (בנקים וכו'),ניתוח נתונים - BI/Data analyst,יעל,0-1,9400,גלובלי,,לא,
1/23/2020 16:57:29,בוגר/ת,אוניברסיטת אריאל,מוסדות פיננסים וחברות ביטוח (בנקים וכו'),ניתוח נתונים - BI/Data analyst,,0-1,15000,גלובלי,,לא,
1/23/2020 17:14:05,בוגר/ת,אוניברסיטת אריאל,מוסד ממשלתי,ניהול פרוייקטים/ PMO,תעשייה אווירית,2-4,14700,גלובלי,,לא,
1/23/2020 17:20:54,בוגר/ת,מכללת אפקה,"תעשייה מסורתית (מפעלי ייצור, תעשייה אווירית/צבאית וכו').",ניתוח נתונים - BI/Data analyst,,2-4,16000,גלובלי,,לא,
1/23/2020 18:02:09,סטודנט/ית,"או""פ (אוניברסיטה פתוחה)","תעשייה מסורתית (מפעלי ייצור, תעשייה אווירית/צבאית וכו').","ניתוח, עיצוב, איפיון והטמעה של מערכות מידע",תעשייה אווירית,2-4,4500,שעתי,משרת סטודנט,לא,
1/24/2020 13:56:42,סטודנט/ית,"או""פ (אוניברסיטה פתוחה)","תעשייה מסורתית (מפעלי ייצור, תעשייה אווירית/צבאית וכו').","ניתוח, עיצוב, איפיון והטמעה של מערכות מידע",Elbit,2-4,60,שעתי,,לא,
1/28/2020 9:31:26,סטודנט/ית,אוניברסיטת אריאל,"תעשייה מסורתית (מפעלי ייצור, תעשייה אווירית/צבאית וכו').","הנדסת ארגון ושיטות, ניתוח, עיצוב, איפיון והטמעה של מערכות מידע",Iai,2-4,6100,שעתי,"משרת סטודנט 3 ימים בשבוע. קופת גמל , הטבות שותפות",לא,
2/1/2020 22:46:50,בוגר/ת,אוניברסיטת תל אביב,הייטק (סטארט-אפים וחברות גדולות),מדעי נתונים - Data science,,5-7,26300,גלובלי,,לא,
2/14/2020 14:02:22,סטודנט/ית,אוניברסיטת אריאל,הייטק (סטארט-אפים וחברות גדולות),"ניתוח, עיצוב, איפיון והטמעה של מערכות מידע",אלמוג תעשיות תוכנה,0-1,50,שעתי,,לא,
2/19/2020 22:45:36,סטודנט/ית,אוניברסיטת אריאל,הייטק (סטארט-אפים וחברות גדולות),ניתוח נתונים - BI/Data analyst,Dell,0-1,15000,גלובלי,,לא,
2/20/2020 5:44:21,בוגר/ת,אוניברסיטת אריאל,"תעשייה מסורתית (מפעלי ייצור, תעשייה אווירית/צבאית וכו').","תפעול וייצור (תפ""י)",אלביט,0-1,12000,גלובלי,,לא,
5/2/2020 15:31:48,בוגר/ת,עזריאלי,מוסד ממשלתי,Cyber security analyst,,2-4,12000,שעתי,,לא,
5/2/2020 15:37:37,סטודנט/ית,מכללת אפקה,הייטק (סטארט-אפים וחברות גדולות),"ניתוח נתונים - BI/Data analyst, Devops",Intel,0-1,60,שעתי,,לא,
5/2/2020 15:37:46,סטודנט/ית,מכללת אפקה,הייטק (סטארט-אפים וחברות גדולות),"ניתוח נתונים - BI/Data analyst, Devops",Intel,0-1,60,שעתי,,לא,
5/2/2020 15:59:38,בוגר/ת,מכללת שנקר,מוסדות פיננסים וחברות ביטוח (בנקים וכו'),"ניהול פרוייקטים/ PMO, ניתוח, עיצוב, איפיון והטמעה של מערכות מידע",Bdo,0-1,8500,שעתי,,לא,
5/2/2020 16:20:21,סטודנט/ית,HIT מכון טכנלוגי,"תעשייה מסורתית (מפעלי ייצור, תעשייה אווירית/צבאית וכו').",רכש,תעשייה אווירית,2-4,3700,שעתי,ארוחת צהריים והסעות,,
5/2/2020 16:24:35,סטודנט/ית,"או""פ (אוניברסיטה פתוחה)","תעשייה מסורתית (מפעלי ייצור, תעשייה אווירית/צבאית וכו').","ניתוח, עיצוב, איפיון והטמעה של מערכות מידע",Elbit,2-4,60,שעתי,,,
5/2/2020 20:00:36,סטודנט/ית,מכללת אפקה,הייטק (סטארט-אפים וחברות גדולות),"ניתוח נתונים - BI/Data analyst, Devops",Intel,0-1,60,שעתי,,לא,
5/3/2020 10:53:24,סטודנט/ית,בן גוריון,"תעשייה מסורתית (מפעלי ייצור, תעשייה אווירית/צבאית וכו').",ניתוח נתונים - BI/Data analyst,Unilevet,0-1,48,שעתי,,לא,
5/3/2020 14:29:22,בוגר/ת,HIT מכון טכנלוגי,"תעשייה מסורתית (מפעלי ייצור, תעשייה אווירית/צבאית וכו').","תפעול וייצור (תפ""י)",,2-4,8000,שעתי,,לא,
5/7/2020 10:03:20,סטודנט/ית,מכללת שנקר,הייטק (סטארט-אפים וחברות גדולות),ניהול פרוייקטים/ PMO,,0-1,45,שעתי,קרן השתלמות ,לא,
5/9/2020 10:19:30,סטודנט/ית,"או""פ (אוניברסיטה פתוחה)","תעשייה מסורתית (מפעלי ייצור, תעשייה אווירית/צבאית וכו').",ניהול פרוייקטים/ PMO,,0-1,5500,שעתי,,כן,
5/11/2020 0:40:41,סטודנט/ית,טכניון,"תעשייה מסורתית (מפעלי ייצור, תעשייה אווירית/צבאית וכו').","תפעול וייצור (תפ""י)",,0-1,37,שעתי,,לא,
5/16/2020 17:53:19,סטודנט/ית,מכללת אפקה,הייטק (סטארט-אפים וחברות גדולות),System support,Dot complains ,0-1,6000,גלובלי,,לא,
5/18/2020 17:40:50,סטודנט/ית,"או""פ (אוניברסיטה פתוחה)",הייטק (סטארט-אפים וחברות גדולות),"ניהול פרוייקטים/ PMO, ניתוח נתונים - BI/Data analyst, הנדסת ארגון ושיטות, תפעול וייצור (תפ""י), תכנות: Frontend/Backend/Fullstack, ניתוח, עיצוב, איפיון והטמעה של מערכות מידע, QA (Software) - ידני, QA (Software) - אוטומציה, Devops",intel,2-4,10000,שעתי,,לא,
5/27/2020 9:33:23,סטודנט/ית,מכללת סמי שמעון,מוסד ממשלתי,ניתוח נתונים - BI/Data analyst,Ness,0-1,9000,גלובלי,,לא,
5/27/2020 9:33:42,בוגר/ת,בן גוריון,הייטק (סטארט-אפים וחברות גדולות),ניתוח נתונים - BI/Data analyst,,0-1,14000,גלובלי,,לא,
5/27/2020 9:34:39,בוגר/ת,עזריאלי מכללה להנדסה,מוסדות פיננסים וחברות ביטוח (בנקים וכו'),"ניהול פרוייקטים/ PMO, הנדסת ארגון ושיטות",,2-4,11,גלובלי,,לא,
5/27/2020 9:36:49,סטודנט/ית,אוניברסיטת אריאל,הייטק (סטארט-אפים וחברות גדולות),ניהול פרוייקטים/ PMO,,0-1,40,שעתי,,לא,
5/27/2020 9:40:14,סטודנט/ית,אוניברסיטת תל אביב,הייטק (סטארט-אפים וחברות גדולות),"ניהול פרוייקטים/ PMO, ניתוח נתונים - BI/Data analyst",,0-1,6500,שעתי,,לא,
5/27/2020 9:51:47,סטודנט/ית,המרכז האקדמי רופין,"תעשייה מסורתית (מפעלי ייצור, תעשייה אווירית/צבאית וכו').",ייבוא ייצוא,Philips,0-1,45,שעתי,קרן השתלמות אחרי 7 חודשים,לא,
5/27/2020 10:05:32,בוגר/ת,אוניברסיטת אריאל,לוחות זמנים,ניהול פרוייקטים/ PMO,,2-4,12500,גלובלי,קרן השתלמות,לא,
5/27/2020 10:07:50,סטודנט/ית,אוניברסיטת אריאל,הייטק (סטארט-אפים וחברות גדולות),ניתוח נתונים - BI/Data analyst,google,0-1,13000,שעתי,,לא,
5/27/2020 10:22:30,סטודנט/ית,אוניברסיטת אריאל,"תעשייה מסורתית (מפעלי ייצור, תעשייה אווירית/צבאית וכו').","ניהול פרוייקטים/ PMO, ניתוח, עיצוב, איפיון והטמעה של מערכות מידע",Iai,2-4,60,שעתי,יש גמול השתלמות ,לא,
5/31/2020 9:44:04,בוגר/ת,בן גוריון,מוסדות פיננסים וחברות ביטוח (בנקים וכו'),ניתוח נתונים - BI/Data analyst,MAX,0-1,14000,גלובלי,,לא,
6/2/2020 12:47:45,סטודנט/ית,מכללת אפקה,הייטק (סטארט-אפים וחברות גדולות),"ניתוח נתונים - BI/Data analyst, ניתוח, עיצוב, איפיון והטמעה של מערכות מידע",,0-1,5000,שעתי,,לא,
6/2/2020 13:19:39,בוגר/ת,אוניברסיטת בר אילן,"תעשייה מסורתית (מפעלי ייצור, תעשייה אווירית/צבאית וכו').","ניתוח נתונים - BI/Data analyst, תפעול וייצור (תפ""י)",Partner,2-4,15000,גלובלי,,כן,
6/6/2020 23:58:29,סטודנט/ית,אוניברסיטת אריאל,מוסדות פיננסים וחברות ביטוח (בנקים וכו'),ניתוח נתונים - BI/Data analyst,בנק,0-1,50,שעתי,,לא,
6/10/2020 10:56:06,סטודנט/ית,אוניברסיטת אריאל,הייטק (סטארט-אפים וחברות גדולות),לוגיסטיקה,SolarEdge,0-1,45,שעתי,"10bis,מתנות בחגים",לא,
6/10/2020 19:10:32,סטודנט/ית,רופין,הייטק (סטארט-אפים וחברות גדולות),ניהול פרוייקטים/ PMO,,0-1,38,שעתי,,לא,
6/10/2020 19:11:18,סטודנט/ית,אוניברסיטת אריאל,הייטק (סטארט-אפים וחברות גדולות),ניתוח נתונים - BI/Data analyst,,0-1,40,שעתי,,לא,
6/10/2020 19:13:29,סטודנט/ית,"או""פ (אוניברסיטה פתוחה)","תעשייה מסורתית (מפעלי ייצור, תעשייה אווירית/צבאית וכו').",ניהול פרוייקטים/ PMO,,0-1,10000,שעתי,,לא,
6/10/2020 19:14:14,סטודנט/ית,"או""פ (אוניברסיטה פתוחה)","תעשייה מסורתית (מפעלי ייצור, תעשייה אווירית/צבאית וכו').",ניהול פרוייקטים/ PMO,,0-1,10000,שעתי,,לא,
6/10/2020 19:30:15,סטודנט/ית,בן גוריון,הייטק (סטארט-אפים וחברות גדולות),ניתוח נתונים - BI/Data analyst,One BI,0-1,45,שעתי,,לא,
6/10/2020 19:30:31,סטודנט/ית,מכללת שנקר,"תעשייה מסורתית (מפעלי ייצור, תעשייה אווירית/צבאית וכו').",רכש,אלביט אלאופ ,2-4,6000,שעתי,,לא,
6/10/2020 19:50:36,בוגר/ת,אוניברסיטת אריאל,מוסד ממשלתי,"ניהול פרוייקטים/ PMO, ניתוח, עיצוב, איפיון והטמעה של מערכות מידע",,2-4,14500,גלובלי,קרן השתלמות,כן,
6/10/2020 19:58:57,סטודנט/ית,מכללת אפקה,"תעשייה מסורתית (מפעלי ייצור, תעשייה אווירית/צבאית וכו').","ניתוח, עיצוב, איפיון והטמעה של מערכות מידע",אלביט,0-1,50,שעתי,,לא,
6/10/2020 20:20:41,בוגר/ת,בן גוריון,הייטק (סטארט-אפים וחברות גדולות),"ניתוח, עיצוב, איפיון והטמעה של מערכות מידע",מטריקס,2-4,15800,גלובלי,קרן השתלמות,,
6/10/2020 21:31:09,סטודנט/ית,מכללת סמי שמעון,"תעשייה מסורתית (מפעלי ייצור, תעשייה אווירית/צבאית וכו').",ניהול פרוייקטים/ PMO,תעשייה אווירית,0-1,54.22,שעתי,,לא,
6/10/2020 23:54:40,בוגר/ת,אורט בראודה,"תעשייה מסורתית (מפעלי ייצור, תעשייה אווירית/צבאית וכו').","תפעול וייצור (תפ""י)",,2-4,10500,שעתי,קרן השתלמות,לא,
6/11/2020 9:39:54,סטודנט/ית,"או""פ (אוניברסיטה פתוחה)",מוסדות פיננסים וחברות ביטוח (בנקים וכו'),QA (Software) - ידני,מגדל,2-4,13210,גלובלי,קרן השתלמות ,לא,
6/15/2020 13:36:06,סטודנט/ית,"או""פ (אוניברסיטה פתוחה)","תעשייה מסורתית (מפעלי ייצור, תעשייה אווירית/צבאית וכו').","תפעול וייצור (תפ""י)",,2-4,39.4,שעתי,,לא,
6/15/2020 14:11:28,בוגר/ת,"או""פ (אוניברסיטה פתוחה)",הייטק (סטארט-אפים וחברות גדולות),"ניתוח, עיצוב, איפיון והטמעה של מערכות מידע",Bronx’s ,0-1,43500,גלובלי,,כן,
6/15/2020 14:11:40,סטודנט/ית,"או""פ (אוניברסיטה פתוחה)","תעשייה מסורתית (מפעלי ייצור, תעשייה אווירית/צבאית וכו').","תפעול וייצור (תפ""י)",אלביט,0-1,3300,שעתי,כלום,לא,
6/15/2020 18:23:16,סטודנט/ית,אוניברסיטת אריאל,הייטק (סטארט-אפים וחברות גדולות),ניהול פרוייקטים/ PMO,Elbit,0-1,40,שעתי,,לא,
8/5/2020 11:41:12,בוגר/ת,מכללת שנקר,הייטק (סטארט-אפים וחברות גדולות),ניהול פרוייקטים/ PMO,,2-4,12000,שעתי,,לא,
8/5/2020 11:41:16,בוגר/ת,מכללת שנקר,הייטק (סטארט-אפים וחברות גדולות),ניהול פרוייקטים/ PMO,,2-4,12000,שעתי,,לא,
8/5/2020 11:42:40,סטודנט/ית,בן גוריון,הייטק (סטארט-אפים וחברות גדולות),מדעי נתונים - Data science,intel,2-4,65,שעתי,,לא,
8/5/2020 11:44:58,בוגר/ת,בן גוריון,הייטק (סטארט-אפים וחברות גדולות),מדעי נתונים - Data science,,2-4,38000,גלובלי,"קרן השתלמות, החזר דלק",לא,
8/5/2020 11:46:13,בוגר/ת,המרכז האקמי לב,מוסד ממשלתי,הנדסת ארגון ושיטות,,0-1,6000,גלובלי,"קרן השתלמות, פנסיה וכו",לא,
8/5/2020 11:46:36,סטודנט/ית,מכללת אפקה,מוסדות פיננסים וחברות ביטוח (בנקים וכו'),הנדסת ארגון ושיטות,,0-1,4000,שעתי,,לא,
8/5/2020 11:47:13,בוגר/ת,אוניברסיטת אריאל,תחום הבניה,ניהול פרוייקטים/ PMO,,2-4,15000,גלובלי,אחרי חצי שנה,לא,
8/5/2020 11:47:24,בוגר/ת,בן גוריון,הייטק (סטארט-אפים וחברות גדולות),ניתוח נתונים - BI/Data analyst,,0-1,15000,גלובלי,קרן השתלמות,לא,
8/5/2020 11:47:59,סטודנט/ית,שנקר,הייטק (סטארט-אפים וחברות גדולות),"הנדסת ארגון ושיטות, Devops, Operations/NOC",,0-1,11000,שעתי,"תןביס, חופשה שנתית, מתנות",לא,
8/5/2020 11:52:19,בוגר/ת,מכללת עזריאלי,"תעשייה מסורתית (מפעלי ייצור, תעשייה אווירית/צבאית וכו').","תפעול וייצור (תפ""י)",,0-1,10000,גלובלי,קרן השתלמות,לא,
8/5/2020 11:52:26,בוגר/ת,HIT מכון טכנלוגי,חברה פרטית,ניהול פרוייקטים/ PMO,אשד ניהול נכסים,0-1,6000,שעתי,,לא,
8/5/2020 11:52:53,סטודנט/ית,טכניון,הייטק (סטארט-אפים וחברות גדולות),ניתוח נתונים - BI/Data analyst,,2-4,7000,שעתי,,לא,
8/5/2020 11:53:20,סטודנט/ית,אוניברסיטת תל אביב,הייטק (סטארט-אפים וחברות גדולות),ניתוח נתונים - BI/Data analyst,Expander,0-1,9200,גלובלי,,לא,
8/5/2020 11:55:03,סטודנט/ית,אוניברסיטת אריאל,"תעשייה מסורתית (מפעלי ייצור, תעשייה אווירית/צבאית וכו').",ניהול פרוייקטים/ PMO,,0-1,59,שעתי,,לא,
8/5/2020 12:05:01,סטודנט/ית,מכללת אפקה,"תעשייה מסורתית (מפעלי ייצור, תעשייה אווירית/צבאית וכו').",Devops,אלביט מערכות,0-1,50,שעתי,,לא,
8/5/2020 12:05:05,סטודנט/ית,מכללת אפקה,"תעשייה מסורתית (מפעלי ייצור, תעשייה אווירית/צבאית וכו').",Devops,אלביט מערכות,0-1,50,שעתי,,לא,
8/5/2020 12:07:46,בוגר/ת,בן גוריון,הייטק (סטארט-אפים וחברות גדולות),מדעי נתונים - Data science,,10+,46000,גלובלי,,,
8/5/2020 12:07:54,בוגר/ת,בן גוריון,הייטק (סטארט-אפים וחברות גדולות),מדעי נתונים - Data science,,10+,46000,גלובלי,,,
8/5/2020 12:13:37,סטודנט/ית,"או""פ (אוניברסיטה פתוחה)",מוסד ממשלתי,ניתוח נתונים - BI/Data analyst,,0-1,8000,שעתי,,כן,
8/5/2020 13:26:11,בוגר/ת,"או""פ (אוניברסיטה פתוחה)",הייטק (סטארט-אפים וחברות גדולות),מדעי נתונים - Data science,,0-1,20000,גלובלי,קרן השתלמות,לא,
8/5/2020 14:02:00,בוגר/ת,בן גוריון,מוסדות פיננסים וחברות ביטוח (בנקים וכו'),ניתוח נתונים - BI/Data analyst,בנק,0-1,15000,גלובלי,קרן השתלמות,לא,
8/5/2020 14:54:38,בוגר/ת,בן גוריון,הייטק (סטארט-אפים וחברות גדולות),ניהול פרוייקטים/ PMO,Medatech ,0-1,12000,גלובלי,,לא,
8/5/2020 15:02:28,בוגר/ת,מנהל,מוסדות פיננסים וחברות ביטוח (בנקים וכו'),ניתוח נתונים - BI/Data analyst,,5-7,25000,גלובלי,השתלמות,לא,
8/5/2020 16:29:18,בוגר/ת,אוניברסיטת חיפה,מוסדות פיננסים וחברות ביטוח (בנקים וכו'),ניתוח נתונים - BI/Data analyst,,0-1,10000,גלובלי,,לא,
8/5/2020 17:10:20,סטודנט/ית,אוניברסיטת אריאל,"תעשייה מסורתית (מפעלי ייצור, תעשייה אווירית/צבאית וכו').",הנדסת ארגון ושיטות,Iai,2-4,6500,שעתי,,לא,
8/5/2020 18:48:30,סטודנט/ית,"או""פ (אוניברסיטה פתוחה)",הייטק (סטארט-אפים וחברות גדולות),"ניהול פרוייקטים/ PMO, ניתוח, עיצוב, איפיון והטמעה של מערכות מידע, QA (Software) - ידני",,2-4,50,שעתי,,,
8/6/2020 11:42:05,סטודנט/ית,אוניברסיטת אריאל,מוסד ממשלתי,QA (Software) - אוטומציה,משרד האוצר,0-1,6000,שעתי,קרן השתלמות מהיום הראשון ותנאים של עובדי מדינה,לא,
8/9/2020 14:37:42,בוגר/ת,מכללת סמי שמעון,עצמאי,ניהול קמפיינים דיגיטליים,,0-1,10000,גלובלי,,לא,
8/10/2020 16:32:25,בוגר/ת,בן גוריון,הייטק (סטארט-אפים וחברות גדולות),ניתוח נתונים - BI/Data analyst,,0-1,15000,גלובלי,קרן השתלמות,לא,
8/19/2020 8:20:37,סטודנט/ית,אוניברסיטת אריאל,"תעשייה מסורתית (מפעלי ייצור, תעשייה אווירית/צבאית וכו').","ניהול פרוייקטים/ PMO, ניתוח נתונים - BI/Data analyst, מדעי נתונים - Data science, תפעול וייצור (תפ""י), תכנות: Frontend/Backend/Fullstack, ניתוח, עיצוב, איפיון והטמעה של מערכות מידע",,0-1,10000,שעתי,,לא,
9/7/2020 17:30:08,סטודנט/ית,מכללת אפקה,הייטק (סטארט-אפים וחברות גדולות),"ניהול פרוייקטים/ PMO, ניתוח נתונים - BI/Data analyst, ניתוח, עיצוב, איפיון והטמעה של מערכות מידע",,0-1,6800,גלובלי,"קרן השתלמות, תן ביס, נסיעות",לא,
9/24/2020 11:51:18,בוגר/ת,בן גוריון,הייטק (סטארט-אפים וחברות גדולות),מנהל קמפיינים,Kendago,0-1,11000,גלובלי,,לא,
9/24/2020 11:51:44,סטודנט/ית,אוניברסיטת אריאל,הייטק (סטארט-אפים וחברות גדולות),ניתוח נתונים - BI/Data analyst,,0-1,40,שעתי,,לא,
9/24/2020 11:54:04,סטודנט/ית,אוניברסיטת אריאל,מוסד ממשלתי,ניהול פרוייקטים/ PMO,מילגם,0-1,4000,שעתי,יש קרן השתלמות,לא,
9/24/2020 11:55:00,סטודנט/ית,מכללת אפקה,הייטק (סטארט-אפים וחברות גדולות),ניתוח נתונים - BI/Data analyst,Pandologic,0-1,40,שעתי,,לא,
9/24/2020 11:57:33,בוגר/ת,מכללת אפקה,הייטק (סטארט-אפים וחברות גדולות),Operation,Moon active,2-4,15000,גלובלי,,לא,
9/24/2020 11:58:24,בוגר/ת,רופין,מוסדות פיננסים וחברות ביטוח (בנקים וכו'),יועץ מערכות מידע ,פאהן קנה,0-1,7000,גלובלי,,לא,
9/24/2020 11:59:52,בוגר/ת,מרכז אקדמי לב,הייטק (סטארט-אפים וחברות גדולות),ניתוח נתונים - BI/Data analyst,exlibris,2-4,12500,גלובלי,קרן השתלמות,לא,
9/24/2020 12:10:02,סטודנט/ית,בן גוריון,הייטק (סטארט-אפים וחברות גדולות),ניתוח נתונים - BI/Data analyst,BlueVine,0-1,50,שעתי,,לא,
9/24/2020 12:10:32,סטודנט/ית,"או""פ (אוניברסיטה פתוחה)",מוסדות פיננסים וחברות ביטוח (בנקים וכו'),ניהול פרוייקטים/ PMO,הפועלים,2-4,16000,גלובלי,קרן השתלמות,לא,
9/24/2020 12:11:42,בוגר/ת,בן גוריון,מוסדות פיננסים וחברות ביטוח (בנקים וכו'),ניתוח נתונים - BI/Data analyst,Be2see אשר שלחו אותי למגדל,0-1,14000,גלובלי,קרן השתלמות,לא,
9/24/2020 12:38:17,סטודנט/ית,אורט בראודה,"תעשייה מסורתית (מפעלי ייצור, תעשייה אווירית/צבאית וכו').","תו""ב",רפאל,2-4,50,שעתי,,לא,
9/24/2020 12:39:24,סטודנט/ית,מכללת סמי שמעון,"תעשייה מסורתית (מפעלי ייצור, תעשייה אווירית/צבאית וכו').","תפעול וייצור (תפ""י)",אלתא,0-1,42,שעתי,קרן השתלמות מעולה ,לא,
9/24/2020 12:56:42,בוגר/ת,אוניברסיטת אריאל,"תעשייה מסורתית (מפעלי ייצור, תעשייה אווירית/צבאית וכו').",הנדסת איכות,,2-4,14400,גלובלי,"החזקת רכב, קרן השתלמות, דמי היגוד, דמי הבראה",לא,
9/24/2020 12:58:40,בוגר/ת,מכללת אפקה,הייטק (סטארט-אפים וחברות גדולות),ניתוח נתונים - BI/Data analyst,,2-4,16000,גלובלי,,לא,
9/24/2020 13:50:02,בוגר/ת,אוניברסיטת אריאל,הייטק (סטארט-אפים וחברות גדולות),ניתוח נתונים - BI/Data analyst,Mixtiles,2-4,17000,גלובלי,פנסיה קרן השתלמות אופציות אוכל ,לא,
9/24/2020 14:22:23,בוגר/ת,מכללת סמי שמעון,"תעשייה מסורתית (מפעלי ייצור, תעשייה אווירית/צבאית וכו').","תפעול וייצור (תפ""י)",כיל,2-4,11000,גלובלי,,לא,
9/24/2020 15:26:30,בוגר/ת,בן גוריון,הייטק (סטארט-אפים וחברות גדולות),"ניתוח, עיצוב, איפיון והטמעה של מערכות מידע",,0-1,13000,גלובלי,קרן השתלמות,לא,
9/24/2020 16:40:40,בוגר/ת,מכללת סמי שמעון,הייטק (סטארט-אפים וחברות גדולות),Product manager,,2-4,20000,גלובלי,"קרן השתלמות, כל 6 חודשים בונוס, מחלה מיום הראשון, 22 ימי חופש בשנה",לא,
9/24/2020 19:00:41,בוגר/ת,אוניברסיטת אריאל,רשת חנויות,הנדסת ארגון ושיטות,,0-1,10000,גלובלי,,לא,
9/24/2020 19:37:57,בוגר/ת,אוניברסיטת אריאל,הייטק (סטארט-אפים וחברות גדולות),ניתוח נתונים - BI/Data analyst,Ex Libris,0-1,14000,גלובלי,,לא,
10/5/2020 16:06:58,סטודנט/ית,מכללת אפקה,הייטק (סטארט-אפים וחברות גדולות),"ניהול פרוייקטים/ PMO, ניתוח נתונים - BI/Data analyst",,0-1,7200,גלובלי,10bis,לא,
10/20/2020 2:22:20,בוגר/ת,טכניון,"תעשייה מסורתית (מפעלי ייצור, תעשייה אווירית/צבאית וכו').","ניהול פרוייקטים/ PMO, תפעול וייצור (תפ""י)",,0-1,11000,שעתי,"קרן השתלמות, הסעות, ארוחות, מתנות, בונוסים",לא,
10/20/2020 14:53:15,סטודנט/ית,מכללת סמי שמעון,"תעשייה מסורתית (מפעלי ייצור, תעשייה אווירית/צבאית וכו').",ניהול פרוייקטים/ PMO,,0-1,8000,שעתי,,לא,
11/2/2020 19:19:13,בוגר/ת,אוניברסיטת אריאל,חברה,"ניהול פרוייקטים/ PMO, ניתוח, עיצוב, איפיון והטמעה של מערכות מידע",,0-1,8000,גלובלי,,כן,
11/2/2020 19:19:53,בוגר/ת,אוניברסיטת אריאל,בנייה,ניהול פרוייקטים/ PMO,,2-4,15000,גלובלי,קרן השתלמות אחרי חצי שנה,לא,
11/2/2020 19:20:55,סטודנט/ית,אוניברסיטת אריאל,מוסד ממשלתי,הנדסת ארגון ושיטות,צהל,0-1,29,שעתי,,לא,
11/2/2020 19:25:16,בוגר/ת,אוניברסיטת אריאל,מוסד ממשלתי,ניתוח נתונים - BI/Data analyst,,0-1,9000,גלובלי,,לא,
11/2/2020 19:27:03,בוגר/ת,בן גוריון,"תעשייה מסורתית (מפעלי ייצור, תעשייה אווירית/צבאית וכו').",ניתוח נתונים - BI/Data analyst,,0-1,12400,גלובלי,,לא,
11/2/2020 19:34:54,בוגר/ת,בראילן,"תעשייה מסורתית (מפעלי ייצור, תעשייה אווירית/צבאית וכו').","תפעול וייצור (תפ""י)",,10+,14000,שעתי,,לא,
11/2/2020 19:39:19,בוגר/ת,אוניברסיטת תל אביב,מוסדות פיננסים וחברות ביטוח (בנקים וכו'),הנדסת ארגון ושיטות,,0-1,14000,גלובלי,"קרן השתלמות, קרן פנסיה, תשלום עבור נסיעות ברכב פרטי",לא,
11/2/2020 19:44:43,בוגר/ת,אוניברסיטת אריאל,"תעשייה מסורתית (מפעלי ייצור, תעשייה אווירית/צבאית וכו').","תפעול וייצור (תפ""י)",תעשייה אווירית ,2-4,13000,גלובלי,קרן השתלמות ,לא,
11/2/2020 19:58:44,בוגר/ת,בן גוריון,מוסדות פיננסים וחברות ביטוח (בנקים וכו'),ניהול פרוייקטים/ PMO,,0-1,13000,גלובלי,קרן השתלמות,לא,
11/2/2020 19:59:49,בוגר/ת,אוניברסיטת אריאל,הייטק (סטארט-אפים וחברות גדולות),Support,,2-4,50,שעתי,,לא,
11/2/2020 20:03:43,סטודנט/ית,בן גוריון,הייטק (סטארט-אפים וחברות גדולות),"ניתוח, עיצוב, איפיון והטמעה של מערכות מידע",Menahel4u,0-1,7500,שעתי,,לא,
11/2/2020 20:03:53,סטודנט/ית,אוניברסיטת אריאל,הייטק (סטארט-אפים וחברות גדולות),ניתוח נתונים - BI/Data analyst,,0-1,40,שעתי,,לא,
11/2/2020 20:26:12,בוגר/ת,עזריאלי,בית חולים הדסה ,"ניהול פרוייקטים/ PMO, ניתוח נתונים - BI/Data analyst, הנדסת ארגון ושיטות",מרכז רפואי הדסה,0-1,10000,גלובלי,"משכורת 13, קרן השתלמות, הטבות בריאות בבית חולים",לא,
11/2/2020 21:55:39,בוגר/ת,אוניברסיטת אריאל,"תעשייה מסורתית (מפעלי ייצור, תעשייה אווירית/צבאית וכו').","תפעול וייצור (תפ""י)",,0-1,10000,גלובלי,,לא,
11/2/2020 22:27:04,בוגר/ת,רופין,מוסדות פיננסים וחברות ביטוח (בנקים וכו'),ביקורת פנימית מבקר ויועץ מערכות מידע,פאהן קנה ,0-1,7000,גלובלי,,לא,
11/3/2020 8:53:54,סטודנט/ית,בן גוריון,הייטק (סטארט-אפים וחברות גדולות),"ניתוח, עיצוב, איפיון והטמעה של מערכות מידע",Menahel4u,0-1,7500,שעתי,,לא,
11/3/2020 17:31:16,סטודנט/ית,אוניברסיטת אריאל,"תעשייה מסורתית (מפעלי ייצור, תעשייה אווירית/צבאית וכו').",ניהול פרוייקטים/ PMO,,2-4,5000,שעתי,,לא,
11/12/2020 11:47:47,בוגר/ת,המרכז האקדמי לב,"תעשייה מסורתית (מפעלי ייצור, תעשייה אווירית/צבאית וכו').","תפעול וייצור (תפ""י)",המשבב ,0-1,10500,שעתי,,,
11/15/2020 9:55:56,סטודנט/ית,"או""פ (אוניברסיטה פתוחה)","תעשייה מסורתית (מפעלי ייצור, תעשייה אווירית/צבאית וכו').",ניהול פרוייקטים/ PMO,,2-4,4000,שעתי,,לא,
11/16/2020 16:41:39,סטודנט/ית,רופין,"תעשייה מסורתית (מפעלי ייצור, תעשייה אווירית/צבאית וכו').","ניהול פרוייקטים/ PMO, תפעול וייצור (תפ""י)",,2-4,8000,גלובלי,,לא,
11/16/2020 16:41:46,סטודנט/ית,רופין,"תעשייה מסורתית (מפעלי ייצור, תעשייה אווירית/צבאית וכו').","ניהול פרוייקטים/ PMO, תפעול וייצור (תפ""י)",,2-4,8000,גלובלי,,לא,
11/17/2020 13:06:16,בוגר/ת,המרכז האקדמי רופין,"תעשייה מסורתית (מפעלי ייצור, תעשייה אווירית/צבאית וכו').",יבוא ויצוא,Philips healthcare,0-1,11000,גלובלי,"עובדת קבלן, קרן השתלמות אחרי 7 חודשים",לא,
11/21/2020 14:34:35,בוגר/ת,בן גוריון,הייטק (סטארט-אפים וחברות גדולות),ניתוח נתונים - BI/Data analyst,Optimove,0-1,14000,גלובלי,קרן השתלמות,לא,
11/21/2020 14:41:21,בוגר/ת,אוניברסיטת אריאל,הייטק (סטארט-אפים וחברות גדולות),"ניתוח, עיצוב, איפיון והטמעה של מערכות מידע",,0-1,12300,גלובלי,"קרן השתלמות, ביטוח מנהלים, ביטוח בריאות",לא,
11/21/2020 15:12:49,בוגר/ת,אורן בראודה,"תעשייה מסורתית (מפעלי ייצור, תעשייה אווירית/צבאית וכו').","תפעול וייצור (תפ""י)",אלביט,0-1,13000,גלובלי,,לא,
11/21/2020 15:13:07,בוגר/ת,"או""פ (אוניברסיטה פתוחה)",בית תוכנה,"ניתוח, עיצוב, איפיון והטמעה של מערכות מידע",,2-4,12000,גלובלי,"קרן השתלמות , 3000 שח החזר הוצאות נסיעה בחודש",לא,
11/21/2020 15:26:15,סטודנט/ית,"או""פ (אוניברסיטה פתוחה)",הייטק (סטארט-אפים וחברות גדולות),ניתוח נתונים - BI/Data analyst,,0-1,11000,גלובלי,,לא,
11/21/2020 15:39:35,בוגר/ת,בראודה,"תעשייה מסורתית (מפעלי ייצור, תעשייה אווירית/צבאית וכו').",ניהול פרוייקטים/ PMO,טמבור,5-7,12500,גלובלי,"קה""ש",לא,
11/21/2020 15:42:45,סטודנט/ית,רופין,"תעשייה מסורתית (מפעלי ייצור, תעשייה אווירית/צבאית וכו').",ניהול פרוייקטים/ PMO,אלקטרה,0-1,11000,גלובלי,,לא,
11/21/2020 15:47:06,בוגר/ת,אוניברסיטת אריאל,"תעשייה מסורתית (מפעלי ייצור, תעשייה אווירית/צבאית וכו').","תפעול וייצור (תפ""י)",,0-1,10500,גלובלי,"קרן השתלמות, פנסיה",לא,
11/21/2020 16:05:23,בוגר/ת,טכניון,הייטק (סטארט-אפים וחברות גדולות),"ניתוח, עיצוב, איפיון והטמעה של מערכות מידע",,2-4,10000,גלובלי,,לא,
11/21/2020 16:13:31,סטודנט/ית,מכללת סמי שמעון,"תעשייה מסורתית (מפעלי ייצור, תעשייה אווירית/צבאית וכו').","ניתוח נתונים - BI/Data analyst, הנדסת ארגון ושיטות",,0-1,35,שעתי,,לא,
11/21/2020 17:46:00,בוגר/ת,אוניברסיטת אריאל,מוסד ממשלתי,"ניתוח, עיצוב, איפיון והטמעה של מערכות מידע",אלומה,2-4,10000,גלובלי,,לא,
11/21/2020 17:46:04,בוגר/ת,אוניברסיטת אריאל,מוסד ממשלתי,"ניתוח, עיצוב, איפיון והטמעה של מערכות מידע",אלומה,2-4,10000,גלובלי,,לא,
11/21/2020 17:49:49,בוגר/ת,אוניברסיטת אריאל,מוסד ממשלתי,הנדסת ארגון ושיטות,,2-4,14600,גלובלי,"אחזקת רכב, קרן השתלמות , משכורת 13",לא,
11/22/2020 9:06:58,בוגר/ת,אוניברסיטת אריאל,תקשורת,"ניהול פרוייקטים/ PMO, ניתוח נתונים - BI/Data analyst",Yes,0-1,13000,גלובלי,,לא,
11/22/2020 21:43:34,בוגר/ת,אוניברסיטת אריאל,בית חולים מאיר,אנליסט,בית חולים מאיר,2-4,9000,גלובלי,,לא,
11/26/2020 11:37:56,בוגר/ת,"או""פ (אוניברסיטה פתוחה)",מוסד ממשלתי,ניתוח נתונים - BI/Data analyst,גב מערכות,0-1,12000,גלובלי,"קרן השתלמות, פנסיה, ביטוח בריאות חינם",לא,
12/9/2020 23:01:41,בוגר/ת,אוניברסיטת אריאל,מוסדות פיננסים וחברות ביטוח (בנקים וכו'),ניתוח נתונים - BI/Data analyst,בנק,0-1,11000,גלובלי,,לא,
1/12/2021 9:07:36,בוגר/ת,בן גוריון,הייטק (סטארט-אפים וחברות גדולות),ניתוח נתונים - BI/Data analyst,,0-1,17000,גלובלי,,לא,
1/12/2021 9:08:03,בוגר/ת,אוניברסיטת אריאל,עמותה,"ניתוח, עיצוב, איפיון והטמעה של מערכות מידע",אלומה,0-1,10000,גלובלי,קרן השתלמות,לא,
1/12/2021 9:09:45,בוגר/ת,HIT מכון טכנלוגי,מוסדות פיננסים וחברות ביטוח (בנקים וכו'),"ניתוח, עיצוב, איפיון והטמעה של מערכות מידע",,0-1,10500,גלובלי,קרן השתלמות,לא,
1/12/2021 9:15:16,בוגר/ת,מכללת אפקה,הייטק (סטארט-אפים וחברות גדולות),ניתוח נתונים - BI/Data analyst,Leadspace,2-4,16000,גלובלי,,לא,
1/12/2021 9:27:15,בוגר/ת,עזריאלי,"תעשייה מסורתית (מפעלי ייצור, תעשייה אווירית/צבאית וכו').","תפעול וייצור (תפ""י)",,0-1,10300,שעתי,,לא,
1/12/2021 9:27:53,סטודנט/ית,מכללת סמי שמעון,הייטק (סטארט-אפים וחברות גדולות),QA (Software) - ידני,Britannica knowledge systems,0-1,12000,שעתי,אין ,לא,
1/12/2021 9:38:48,בוגר/ת,בן גוריון,הייטק (סטארט-אפים וחברות גדולות),מיישם SFMC,יעל תוכנה,0-1,13600,גלובלי,נותנים לי 624 שקל נסיעות יש קרן השתלמות ופנסיה,לא,
1/12/2021 10:03:06,בוגר/ת,"או""פ (אוניברסיטה פתוחה)",בית תוכנה,"ניתוח, עיצוב, איפיון והטמעה של מערכות מידע",,2-4,15000,גלובלי,"הרבה נסיעות ללקוחות ברחבי הארץ אז תשלום נסיעות כלול בברוטו, קרן השתלמות",לא,
1/12/2021 10:25:40,בוגר/ת,מכללת סמי שמעון,לוגיסטיקה,הנדסת ארגון ושיטות,,2-4,11500,גלובלי,,לא,
1/12/2021 12:23:31,סטודנט/ית,אוניברסיטת אריאל,"תעשייה מסורתית (מפעלי ייצור, תעשייה אווירית/צבאית וכו').","תפעול וייצור (תפ""י)",תעשייה אווירית,0-1,54,שעתי,"שכר סטודנט מצטיין (ממוצע מעל 85) , שנה שלישית בתואר.",לא,
1/12/2021 14:25:33,בוגר/ת,"האקדמית ת""א יפו",הייטק (סטארט-אפים וחברות גדולות),"תכנות: Frontend/Backend/Fullstack, Devops",Microsoft,10+,47594,גלובלי,"קרן השתלמות ניתן להפריש מעבר לתקרה עדיין 7.5% מהמעסיק בתוספת 2.5% מהעובד, אני בוחר אם ההפרש הולך לקרן השתלמות עם מס רווחי הון רגיל או לברוטו שלי. החזר הוצאות שיניים 1200 בשנה, החזר הוצאות ספורט 1000 בשנה, ביטוח בריאות פרטי עם 85% השתתפות למומחים כולל פרטיים, 23 ימי חופש בשנה",לא,
1/12/2021 20:32:41,סטודנט/ית,רופין,הייטק (סטארט-אפים וחברות גדולות),ניתוח נתונים - BI/Data analyst,,0-1,40,שעתי,,,
1/12/2021 20:32:44,בוגר/ת,רופין,הייטק (סטארט-אפים וחברות גדולות),"ניהול פרוייקטים/ PMO, ניתוח, עיצוב, איפיון והטמעה של מערכות מידע",,0-1,8500,גלובלי,,לא,
1/13/2021 1:19:38,בוגר/ת,בן גוריון,"תעשייה מסורתית (מפעלי ייצור, תעשייה אווירית/צבאית וכו').","ניהול פרוייקטים/ PMO, הנדסת ארגון ושיטות",,0-1,12000,גלובלי,,לא,
1/26/2021 18:42:43,סטודנט/ית,בן גוריון,קוקה קולה,הנדסת ארגון ושיטות,קוקה קולה,0-1,12000,גלובלי,"משכורת 13, קרן השתלמות",,
1/31/2021 15:13:48,סטודנט/ית,אוניברסיטת אריאל,"תעשייה מסורתית (מפעלי ייצור, תעשייה אווירית/צבאית וכו').",QA (Software) - ידני,,2-4,10000,גלובלי,,לא,
1/31/2021 16:29:30,בוגר/ת,אוניברסיטת תל אביב,מוסדות פיננסים וחברות ביטוח (בנקים וכו'),"מדעי נתונים - Data science, Data engineering",מקס,2-4,17000,גלובלי,,לא,
1/31/2021 17:04:04,בוגר/ת,אוניברסיטת תל אביב,מוסדות פיננסים וחברות ביטוח (בנקים וכו'),"ניהול פרוייקטים/ PMO, ניתוח נתונים - BI/Data analyst",,8-10,22000,גלובלי,"קרן השתלמות, החזר ארוחות",לא,
2/17/2021 23:28:32,סטודנט/ית,עזריאלי המכללה להנדסה,מוסד ממשלתי,"ניתוח, עיצוב, איפיון והטמעה של מערכות מידע, QA (Software) - ידני",,0-1,10000,גלובלי,,לא,
4/24/2021 14:10:04,בוגר/ת,מכללת סמי שמעון,לואוטק,ניהול פרויקטים מערכות מידע,,2-4,18,גלובלי,קרן השתלמות,לא,
5/21/2021 10:35:11,בוגר/ת,מכללת שנקר,אנרגיה מתחדשת ,רכש,,2-4,15000,גלובלי,,לא,
5/21/2021 10:35:32,סטודנט/ית,מכללת סמי שמעון,"תעשייה מסורתית (מפעלי ייצור, תעשייה אווירית/צבאית וכו').","הנדסת ארגון ושיטות, ניתוח, עיצוב, איפיון והטמעה של מערכות מידע",,2-4,10000,שעתי,,לא,
5/21/2021 10:35:36,סטודנט/ית,רופין,הייטק (סטארט-אפים וחברות גדולות),ניתוח נתונים - BI/Data analyst,,0-1,45,שעתי,,לא,
5/21/2021 10:36:12,בוגר/ת,אוניברסיטת אריאל,חברת בניה,ניהול פרוייקטים/ PMO,,2-4,15500,גלובלי,קרן השתלמות ,לא,
5/21/2021 10:36:40,סטודנט/ית,אוניברסיטת אריאל,הייטק (סטארט-אפים וחברות גדולות),ניתוח נתונים - BI/Data analyst,סייבר,0-1,70,שעתי,"קרןקרן השתלמות, ביטוח רפואי, תן-ביס, תשלום על חשבון אינטרנט בבית",לא,
5/21/2021 10:39:31,בוגר/ת,בן גוריון,מוסדות פיננסים וחברות ביטוח (בנקים וכו'),הנדסת ארגון ושיטות,,0-1,14500,גלובלי,,לא,
5/21/2021 10:39:43,בוגר/ת,המרכז האקדמי רופין,"תעשייה מסורתית (מפעלי ייצור, תעשייה אווירית/צבאית וכו').","תפעול וייצור (תפ""י)",Prodalim Group,5-7,17000,גלובלי,"קרן השתלמות, בונוס שנתי",לא,
5/21/2021 10:40:28,בוגר/ת,רופין,"תעשייה מסורתית (מפעלי ייצור, תעשייה אווירית/צבאית וכו').",ניהול פרוייקטים/ PMO,,5-7,9600,שעתי,,לא,
5/21/2021 10:50:50,סטודנט/ית,מכללת שנקר,הייטק (סטארט-אפים וחברות גדולות),NOC,,0-1,45,שעתי,כלום,לא,
5/21/2021 10:55:15,סטודנט/ית,אוניברסיטת אריאל,הייטק (סטארט-אפים וחברות גדולות),רכש (מחלקת Production),סטארטאפ 30-40 עובדים,0-1,60,שעתי,"תן ביס 30 ליום, חניה חינם בת״א (לא מובן מאליו לדעתי חח)",לא,
5/21/2021 11:32:45,בוגר/ת,אוניברסיטת אריאל,קמעונאות,ניתוח נתונים - BI/Data analyst,סלטי שמיר,0-1,9500,גלובלי,,לא,
5/21/2021 11:43:13,בוגר/ת,בן גוריון,הייטק (סטארט-אפים וחברות גדולות),ניהול פרוייקטים/ PMO,,0-1,12000,גלובלי,,לא,
5/21/2021 11:45:07,בוגר/ת,המרכז האקדמי לב,"תעשייה מסורתית (מפעלי ייצור, תעשייה אווירית/צבאית וכו').",פלנר ,,0-1,14000,גלובלי,קרן השתלמות ,לא,
5/21/2021 11:58:36,בוגר/ת,אוניברסיטת אריאל,חברת יעוץ,הנדסת ארגון ושיטות,,2-4,12500,גלובלי,,לא,
5/21/2021 12:04:19,בוגר/ת,"או""פ (אוניברסיטה פתוחה)","תעשייה מסורתית (מפעלי ייצור, תעשייה אווירית/צבאית וכו').","תכנות: Frontend/Backend/Fullstack, ניתוח, עיצוב, איפיון והטמעה של מערכות מידע",Elbit,2-4,22000,גלובלי,משכורת 13,לא,
5/21/2021 12:18:04,בוגר/ת,מכללת אפקה,הייטק (סטארט-אפים וחברות גדולות),DevOps &apm engineer ,,2-4,15000,גלובלי,,לא,
5/21/2021 12:32:12,בוגר/ת,בראודה,"תעשייה מסורתית (מפעלי ייצור, תעשייה אווירית/צבאית וכו').","תפעול וייצור (תפ""י)",רפאל,0-1,12000,גלובלי,"בונוס רבעוני, בונוס ועד, חלוקת רווחים, קרן השתלמות, ביטוח רפואי מקיף כולל שיניים",לא,
5/21/2021 12:40:54,סטודנט/ית,"או""פ (אוניברסיטה פתוחה)","תעשייה מסורתית (מפעלי ייצור, תעשייה אווירית/צבאית וכו').",ניהול פרוייקטים/ PMO,תעשייה אוירית,0-1,55,שעתי,"אוכל, ביטוח בריאות, ",לא,
5/21/2021 15:13:30,סטודנט/ית,בראודה,מוסד ממשלתי,משרת סטודנט בקרת פרויקטים,בינוי ושיכון,0-1,3600,שעתי,,לא,
5/21/2021 18:45:22,סטודנט/ית,"או""פ (אוניברסיטה פתוחה)","תעשייה מסורתית (מפעלי ייצור, תעשייה אווירית/צבאית וכו').","ניתוח נתונים - BI/Data analyst, הנדסת ארגון ושיטות",צהל,2-4,5000,שעתי,הכל,לא,
5/22/2021 22:46:37,בוגר/ת,אוניברסיטת אריאל,"תעשייה מסורתית (מפעלי ייצור, תעשייה אווירית/צבאית וכו').","ניהול פרוייקטים/ PMO, הנדסת ארגון ושיטות",,0-1,12500,גלובלי,,כן,
5/25/2021 15:14:34,סטודנט/ית,אוניברסיטת אריאל,הייטק (סטארט-אפים וחברות גדולות),ניתוח נתונים - BI/Data analyst,Pandologic,0-1,47,שעתי,,לא,
5/25/2021 23:50:37,בוגר/ת,בן גוריון,מוסדות פיננסים וחברות ביטוח (בנקים וכו'),"ניתוח, עיצוב, איפיון והטמעה של מערכות מידע",,0-1,17000,גלובלי,,לא,
6/4/2021 19:13:30,בוגר/ת,מכללת אורט בראודה,"תעשייה מסורתית (מפעלי ייצור, תעשייה אווירית/צבאית וכו').","תפעול וייצור (תפ""י)",Flex,0-1,9500,שעתי,"קרן השתלמות, בונוסים",לא,
6/13/2021 12:55:18,בוגר/ת,מכללת שנקר,הייטק (סטארט-אפים וחברות גדולות),"ניהול פרוייקטים/ PMO, הנדסת ארגון ושיטות",,2-4,14500,גלובלי,"קרן השתלמות, אוכל בערך 1000 בחודש",לא,
6/13/2021 12:55:31,סטודנט/ית,מכללת שנקר,מוסדות פיננסים וחברות ביטוח (בנקים וכו'),ניתוח נתונים - BI/Data analyst,G-STAT,0-1,10000,גלובלי,יש קרן השתלמות,לא,
6/13/2021 13:01:02,סטודנט/ית,מכללת שנקר,הייטק (סטארט-אפים וחברות גדולות),ניתוח נתונים - BI/Data analyst,Ebay,0-1,15000,גלובלי,"קרן השתלמות, תן ביס",לא,
6/13/2021 13:15:17,סטודנט/ית,מכללת שנקר,הייטק (סטארט-אפים וחברות גדולות),"ניתוח, עיצוב, איפיון והטמעה של מערכות מידע",FBC,0-1,5000,שעתי,,לא,
6/13/2021 14:06:33,בוגר/ת,מכללת אפקה,הייטק (סטארט-אפים וחברות גדולות),"ניתוח, עיצוב, איפיון והטמעה של מערכות מידע",Kenshoo,0-1,15000,גלובלי,"קרן השתלמות, אופציות",לא,
6/13/2021 14:07:10,סטודנט/ית,מכללת שנקר,הייטק (סטארט-אפים וחברות גדולות),Noc,Radware,0-1,70,שעתי,יש קרן השתלמות אחרי חצי שנה בחברה,לא,
6/13/2021 21:13:44,סטודנט/ית,מכללת שנקר,הייטק (סטארט-אפים וחברות גדולות),"תפעול וייצור (תפ""י)",,0-1,9500,גלובלי,"משכורת 13, 14 + קרן השתלמות + ביטוח בריאות",לא,
6/14/2021 9:41:45,סטודנט/ית,מכללת שנקר,"תעשייה מסורתית (מפעלי ייצור, תעשייה אווירית/צבאית וכו').",ניתוח נתונים - BI/Data analyst,,0-1,4000,שעתי,חצי משרה,לא,
6/15/2021 16:47:07,בוגר/ת,מכללת שנקר,חברת ecommerce,ניהול פרוייקטים/ PMO,פאנקו,0-1,11000,שעתי,אין,לא,
6/15/2021 23:23:01,בוגר/ת,מכללת סמי שמעון,הייטק (סטארט-אפים וחברות גדולות),ניתוח נתונים - BI/Data analyst,,0-1,14000,גלובלי,,לא,
