תאריך,סטטוס,מוסד לימודי,תחום,תפקיד,חברה,ניסיון,משכורת,סוג תשלום,הערות,רכב
08/01/2019 11:41,סטודנט/ית,אוניברסיטה פתוחה,,ניתוח נתונים,,2+,20000,גלובלי,,
08/01/2019 11:49,סטודנט/ית,אוניברסיטה פתוחה,הייטק,QA,Oracle,2+,30000,גלובלי,,לא
08/01/2019 12:03,סטודנט/ית,אוניברסיטה פתוחה,מוסד ממשלתי,רכז פרוייקטים,,1,3000,שעתי,,לא
08/01/2019 12:05,סטודנט/ית,אוניברסיטה פתוחה,מוסד ממשלתי,ניתוח נתונים,ZIM,1,40,שעתי,,לא
08/01/2019 12:09,סטודנט/ית,אוניברסיטה פתוחה,הייטק,ניהול פרוייקטים PMO,AtoZ,1,12000,גלובלי,,לא
08/01/2019 12:19,סטודנט/ית,אוניברסיטה פתוחה,תעשייה מסורתית,"ניתוח, עיצוב, איפיון והטמעה של מערכות מידע, QA",,1,34,שעתי,,לא
08/01/2019 12:21,סטודנט/ית,אוניברסיטה פתוחה,לוגיסטיקה שרשרת אספקה,הנדסת ארגון ושיטות,,2+,17000,גלובלי,,לא
08/01/2019 12:40,סטודנט/ית,אוניברסיטה פתוחה,מוסדות פיננסים וחברות ביטוח,ניתוח נתונים,,1,7000,שעתי,,לא
08/01/2019 12:41,סטודנט/ית,אוניברסיטה פתוחה,בית תוכנה,"ניתוח, עיצוב, איפיון והטמעה של מערכות מידע",,1,40,שעתי,משרת סטודנט.,לא
08/01/2019 12:45,סטודנט/ית,אוניברסיטה פתוחה,הייטק,"ניהול פרוייקטים,  PMO, ניתוח, עיצוב, איפיון והטמעה של מערכות מידע",,1,6000,גלובלי,60% משרה - סטודנט,לא
08/01/2019 12:46,סטודנט/ית,אוניברסיטה פתוחה,יועץ בצבא בתחום הSAP HR מערכות מידע,מיישם מערכות מידע,אקסאקט,2+,20000,גלובלי,יועץ חיצוני בחברת כח אדם,לא
08/01/2019 12:49,סטודנט/ית,אוניברסיטה פתוחה,קמעונאות,פלנר,Unilever,2+,12590,גלובלי,,לא
08/01/2019 12:54,סטודנט/ית,אוניברסיטה פתוחה,תעשייה מסורתית,אינטגרטור,,2+,10000,גלובלי,,לא
08/01/2019 13:06,סטודנט/ית,אוניברסיטה פתוחה,תעשייה מסורתית,תפעול וייצור,,2+,40,שעתי,,כן
08/01/2019 13:32,סטודנט/ית,אוניברסיטה פתוחה,הייטק,ניתוח נתונים,Gett,2+,19000,גלובלי,,לא
08/01/2019 13:46,סטודנט/ית,אוניברסיטה פתוחה,תעשייה מסורתית,תכנון ובקרה,אלתא,1,2900,שעתי,,לא
08/01/2019 17:16,בוגר/ת,אוניברסיטה פתוחה,תעשייה מסורתית,רכש,,2+,9500,שעתי,,לא
08/01/2019 18:54,סטודנט/ית,אוניברסיטה פתוחה,מוסד ממשלתי,"ערכית תוכן , רשתות חברתיות",משרד הרווחה,10+,11000,גלובלי,"קבלת מחשב, טלפון , כיבוד, ביטוח מנהלים",לא
08/01/2019 18:57,סטודנט/ית,אוניברסיטה פתוחה,תעשייה מסורתית,"ניהול פרוייקטים, PMO",,1,43,שעתי,,לא
08/01/2019 19:05,סטודנט/ית,אוניברסיטה פתוחה,תעשייה מסורתית,תפעול וייצור,,2+,10000,שעתי,,לא
08/01/2019 19:13,בוגר/ת,אוניברסיטה פתוחה,תעשייה מסורתית,תפעול וייצור,,2+,18000,גלובלי,,לא
08/01/2019 20:13,סטודנט/ית,אוניברסיטה פתוחה,תעשייה מסורתית,תפעול וייצור,,1,7500,שעתי,,לא
08/02/2019 17:22,סטודנט/ית,אוניברסיטה פתוחה,מוסד ממשלתי,"ניהול פרוייקטים,  PMO",,1,3800,שעתי,,לא
08/02/2019 17:25,סטודנט/ית,אוניברסיטה פתוחה,מוסד ממשלתי,"ניהול פרוייקטים,  PMO",,1,30,שעתי,,לא
08/02/2019 17:50,סטודנט/ית,אוניברסיטה פתוחה,הייטק,"ניהול פרוייקטים,  PMO",,1,11500,גלובלי,"קרן השתלמות, בונוס שנתי, פנסיה ",לא
08/02/2019 18:18,סטודנט/ית,אוניברסיטה פתוחה,מוסד ממשלתי,"ניתוח נתונים , ניתוח, עיצוב, איפיון והטמעה של מערכות מידע, QA",,2+,5500,שעתי,"קרן השתלמות, ארוחות צהריים, הטבות שונות",לא
08/02/2019 18:25,סטודנט/ית,אוניברסיטה פתוחה,תעשייה מסורתית,הנדסת ארגון ושיטות,,1,40,שעתי,כלום,לא
08/02/2019 19:24,סטודנט/ית,אוניברסיטה פתוחה,תעשייה מסורתית,"ניהול פרוייקטים,  PMO",WaterMatic,2+,14000,גלובלי,,כן
08/02/2019 20:21,סטודנט/ית,אוניברסיטה פתוחה,ניהול פרויקטים,"ניהול פרוייקטים,  PMO",,2+,8500,גלובלי,שווי רכב וכל ההוצאות הנלוות על חשבון החברה - מס שווי רכב על חשבוני,כן
08/02/2019 21:47,סטודנט/ית,אוניברסיטה פתוחה,תעשייה מסורתית,תפעול וייצור,,10+,13000,שעתי,קרן השתלמות,לא
08/04/2019 13:37,סטודנט/ית,אוניברסיטה פתוחה,מוסד ממשלתי,תפעול וייצור,,1,4100,שעתי,חצי משרה. יש קרן השתלמות,לא
08/04/2019 21:15,סטודנט/ית,אוניברסיטה פתוחה,מוסד ממשלתי,הנדסת ארגון ושיטות,משרד ראש הממשלה,1,4500,שעתי,תנאים של עובד מדינה,לא
08/04/2019 21:24,סטודנט/ית,אוניברסיטה פתוחה,תעשייה מסורתית,Devops,,1,10000,גלובלי,,כן
08/05/2019 11:13,סטודנט/ית,אוניברסיטה פתוחה,תעשייה מסורתית,תפעול וייצור,Iscar,2+,10500,שעתי,"קרן השתלמות, פלאפון",לא
08/06/2019 19:20,סטודנט/ית,אוניברסיטה פתוחה,תעשייה מסורתית,תפעול וייצור,אלתא,2+,60,שעתי,,לא
8/14/2019 13:24,סטודנט/ית,אוניברסיטה פתוחה,תעשייה מסורתית,"ניהול פרוייקטים,  PMO",אלתא,1,3000,שעתי,,לא
8/22/2019 20:28,בוגר/ת,אוניברסיטה פתוחה,תעשייה מסורתית,תפעול וייצור,,2+,15000,שעתי,קרן הש3,לא
8/22/2019 20:48,בוגר/ת,אוניברסיטה פתוחה,הייטק,"הנדסת ארגון ושיטות, תפעול וייצור, לוגיסטיקה",Intel,2+,10700,שעתי,"בונוסים, הטבות באשראי, קרן השתלמות, חדר כושר צמוד",לא
8/22/2019 22:11,סטודנט/ית,אוניברסיטה פתוחה,הייטק,"ניתוח, עיצוב, איפיון והטמעה של מערכות מידע",Elbit,1,60,שעתי,,לא
09/04/2019 21:37,סטודנט/ית,אוניברסיטה פתוחה,תעשייה מסורתית,תפעול וייצור,Hanson,1,11000,שעתי,,לא
09/04/2019 21:44,סטודנט/ית,אוניברסיטה פתוחה,לא עובד,"ניהול פרוייקטים,  PMO",,1,2000,שעתי,,לא
09/05/2019 00:04,סטודנט/ית,אוניברסיטה פתוחה,מוסד ממשלתי,פתיחות תיקים ודוחות תפעוליים,רשות האכיפה והגביה,2+,5800,שעתי,"תנאי עובד מדינה, קרן השתלמות וכל מה שחובה. עבודה עד 120 שעות בחודש. ",לא
09/11/2019 13:02,סטודנט/ית,אוניברסיטה פתוחה,מוסד ממשלתי,"ניהול פרוייקטים,  PMO, ניתוח נתונים ",צהל,2+,37,שעתי,"יש קרן השתלמות, פנסיה גבוהה, חברות בארגון עובדים עם הטבות והכי חשוב שעות גמישות מאוד",לא
9/27/2019 13:38,סטודנט/ית,אוניברסיטה פתוחה,הייטק,"ניהול פרוייקטים,  PMO",,1,10000,שעתי,"קרן השתלמות, הטבות וכו ",לא
9/27/2019 14:31,סטודנט/ית,אוניברסיטה פתוחה,מוסד ממשלתי,"פקיד מזונות, פתיחת תיקים ודוחות תפעוליים",רשות האכיפה והגביה,2+,5000,שעתי,קרן השתלמות,לא
9/28/2019 4:00,סטודנט/ית,אוניברסיטה פתוחה,תעשייה מסורתית,תפעול וייצור,,1,14000,שעתי,קרן השתלמות,לא
10/04/2019 19:04,סטודנט/ית,אוניברסיטה פתוחה,תעשייה מסורתית,הנדסת איכות,אלביט,1,4000,שעתי,אחזקת רכב- 1800 למשרה מלאה- על פי מספר ימיי ההגעה,לא
10/04/2019 19:38,סטודנט/ית,אוניברסיטה פתוחה,מסחר בציוד מכני הנדסי,"הנדסת ארגון ושיטות, ייעוץ לוגיסטי",,2+,11200,שעתי,כלום,לא
10/16/2019 12:05,בוגר/ת,אוניברסיטה פתוחה,תעשייה מסורתית,"ניתוח נתונים , כלכלן",ויטה,2+,12500,גלובלי,עבודה בצפון,לא
11/17/2019 13:04,סטודנט/ית,אוניברסיטה פתוחה,קמעונות,ניהול מערכות מידע,,1,42,שעתי,אין,לא
11/28/2019 10:49,סטודנט/ית,אוניברסיטה פתוחה,בית תוכנה מערכות מידע,"ניתוח, עיצוב, איפיון והטמעה של מערכות מידע",,2+,55,שעתי,קרן השתלמות,לא
11/28/2019 10:52,סטודנט/ית,אוניברסיטה פתוחה,מוסד ממשלתי,"ניתוח נתונים , הנדסת ארגון ושיטות",רפאל,1,45,שעתי,הבראה,לא
11/28/2019 10:52,סטודנט/ית,אוניברסיטה פתוחה,מוסד ממשלתי,"ניתוח נתונים , הנדסת ארגון ושיטות",רפאל,1,45,שעתי,הבראה,לא
12/09/2019 19:31,בוגר/ת,אוניברסיטה פתוחה,הייטק,"ניתוח נתונים , מדעי נתונים ",,2+,16000,גלובלי,קרן השתלמות,לא
12/13/2019 14:26,סטודנט/ית,אוניברסיטה פתוחה,הייטק,"ניהול פרוייקטים,  PMO",ACS motion control,2+,11500,גלובלי,"קרן השתלמות, כיסוי אובדן כושר עבודה מורחב",לא
12/13/2019 15:20,סטודנט/ית,אוניברסיטה פתוחה,הייטק,"ניהול פרוייקטים,  PMO",Vs,2+,13000,גלובלי,,כן
12/27/2019 13:53,בוגר/ת,אוניברסיטה פתוחה,מוסדות פיננסים וחברות ביטוח,ניתוח נתונים,כלל,1,100,שעתי,,לא
12/28/2019 15:53,סטודנט/ית,אוניברסיטה פתוחה,תעשייה מסורתית,תפעול וייצור,,1,7200,שעתי,,לא
12/29/2019 0:04,סטודנט/ית,אוניברסיטה פתוחה,מוסד ממשלתי,"ניהול פרוייקטים,  PMO, System",,1,16000,גלובלי,קרן השתלמות,
1/23/2020 13:12,סטודנט/ית,אוניברסיטה פתוחה,תעשייה מסורתית,תפעול וייצור,אלתא מערכות,1,49.8,שעתי,שכר סטודנטים מצטיינים,לא
1/23/2020 13:33,סטודנט/ית,אוניברסיטה פתוחה,תעשייה מסורתית,"הנדסת ארגון ושיטות, תפעול וייצור",רהיטי הכוח,10+,13000,גלובלי,איו,לא
1/23/2020 18:02,סטודנט/ית,אוניברסיטה פתוחה,תעשייה מסורתית,"ניתוח, עיצוב, איפיון והטמעה של מערכות מידע",תעשייה אווירית,2+,4500,שעתי,משרת סטודנט,לא
1/24/2020 13:56,סטודנט/ית,אוניברסיטה פתוחה,תעשייה מסורתית,"ניתוח, עיצוב, איפיון והטמעה של מערכות מידע",Elbit,2+,60,שעתי,,לא
05/02/2020 16:24,סטודנט/ית,אוניברסיטה פתוחה,תעשייה מסורתית,"ניתוח, עיצוב, איפיון והטמעה של מערכות מידע",Elbit,2+,60,שעתי,,
05/09/2020 10:19,סטודנט/ית,אוניברסיטה פתוחה,תעשייה מסורתית,"ניהול פרוייקטים,  PMO",,1,5500,שעתי,,כן
5/18/2020 17:40,סטודנט/ית,אוניברסיטה פתוחה,הייטק,"ניהול פרוייקטים,  PMO, ניתוח נתונים , הנדסת ארגון ושיטות, תפעול וייצור, תכנות: Frontend/Backend/Fullstack, ניתוח, עיצוב, איפיון והטמעה של מערכות מידע, QA, QA, Devops",intel,2+,10000,שעתי,,לא
06/10/2020 19:13,סטודנט/ית,אוניברסיטה פתוחה,תעשייה מסורתית,"ניהול פרוייקטים,  PMO",,1,10000,שעתי,,לא
06/10/2020 19:14,סטודנט/ית,אוניברסיטה פתוחה,תעשייה מסורתית,"ניהול פרוייקטים,  PMO",,1,10000,שעתי,,לא
06/11/2020 09:39,סטודנט/ית,אוניברסיטה פתוחה,מוסדות פיננסים וחברות ביטוח,QA,מגדל,2+,13210,גלובלי,קרן השתלמות,לא
6/15/2020 13:36,סטודנט/ית,אוניברסיטה פתוחה,תעשייה מסורתית,תפעול וייצור,,2+,39.4,שעתי,,לא
6/15/2020 14:11,בוגר/ת,אוניברסיטה פתוחה,הייטק,"ניתוח, עיצוב, איפיון והטמעה של מערכות מידע",Bronxױs,1,43500,גלובלי,,כן
6/15/2020 14:11,סטודנט/ית,אוניברסיטה פתוחה,תעשייה מסורתית,תפעול וייצור,אלביט,1,3300,שעתי,כלום,לא
08/05/2020 12:13,סטודנט/ית,אוניברסיטה פתוחה,מוסד ממשלתי,ניתוח נתונים,,1,8000,שעתי,,כן
08/05/2020 13:26,בוגר/ת,אוניברסיטה פתוחה,הייטק,מדעי נתונים - Data science,,1,20000,גלובלי,קרן השתלמות,לא
08/05/2020 18:48,סטודנט/ית,אוניברסיטה פתוחה,הייטק,"ניהול פרוייקטים,  PMO, ניתוח, עיצוב, איפיון והטמעה של מערכות מידע, QA",,2+,50,שעתי,,
9/24/2020 12:10,סטודנט/ית,אוניברסיטה פתוחה,מוסדות פיננסים וחברות ביטוח,"ניהול פרוייקטים,  PMO",הפועלים,2+,16000,גלובלי,קרן השתלמות,לא
11/15/2020 9:55,סטודנט/ית,אוניברסיטה פתוחה,תעשייה מסורתית,"ניהול פרוייקטים,  PMO",,2+,4000,שעתי,,לא
11/21/2020 15:13,בוגר/ת,אוניברסיטה פתוחה,בית תוכנה,"ניתוח, עיצוב, איפיון והטמעה של מערכות מידע",,2+,12000,גלובלי,"קרן השתלמות , 3000 שח החזר הוצאות נסיעה בחודש",לא
11/21/2020 15:26,סטודנט/ית,אוניברסיטה פתוחה,הייטק,ניתוח נתונים,,1,11000,גלובלי,,לא
11/26/2020 11:37,בוגר/ת,אוניברסיטה פתוחה,מוסד ממשלתי,ניתוח נתונים,גב מערכות,1,12000,גלובלי,"קרן השתלמות, פנסיה, ביטוח בריאות חינם",לא
01/12/2021 10:03,בוגר/ת,אוניברסיטה פתוחה,בית תוכנה,"ניתוח, עיצוב, איפיון והטמעה של מערכות מידע",,2+,15000,גלובלי,"הרבה נסיעות ללקוחות ברחבי הארץ אז תשלום נסיעות כלול בברוטו, קרן השתלמות",לא
5/21/2021 12:04,בוגר/ת,אוניברסיטה פתוחה,תעשייה מסורתית,"תכנות: Frontend/Backend/Fullstack, ניתוח, עיצוב, איפיון והטמעה של מערכות מידע",Elbit,2+,22000,גלובלי,משכורת 13,לא
5/21/2021 12:40,סטודנט/ית,אוניברסיטה פתוחה,תעשייה מסורתית,"ניהול פרוייקטים,  PMO",תעשייה אוירית,1,55,שעתי,"אוכל, ביטוח בריאות, ",לא
5/21/2021 18:45,סטודנט/ית,אוניברסיטה פתוחה,תעשייה מסורתית,"ניתוח נתונים , הנדסת ארגון ושיטות",צהל,2+,5000,שעתי,הכל,לא
08/01/2019 11:52,בוגר/ת,אוניברסיטת אריאל,הייטק,"ניתוח, עיצוב, איפיון והטמעה של מערכות מידע",,2+,10500,שעתי,ללא קרן השתלמות,לא
08/01/2019 11:58,סטודנט/ית,אוניברסיטת אריאל,תעשייה מסורתית,תפעול וייצור,Elbit,1,5000,שעתי,40 שח לשעה,לא
08/01/2019 12:10,בוגר/ת,אוניברסיטת אריאל,עיריה,"ניהול פרוייקטים,  PMO, ניתוח, עיצוב, איפיון והטמעה של מערכות מידע",Metrix,2+,14500,גלובלי,,לא
08/01/2019 12:21,סטודנט/ית,אוניברסיטת אריאל,חברת ייעוץ pmo,"ניהול פרוייקטים,  PMO",,1,6000,שעתי,,לא
08/01/2019 14:43,בוגר/ת,אוניברסיטת אריאל,הייטק,תפעול וייצור,,1,12500,גלובלי,,
08/01/2019 18:53,סטודנט/ית,אוניברסיטת אריאל,חברת יעוץ,"ניתוח, עיצוב, איפיון והטמעה של מערכות מידע",,1,35,שעתי,,לא
08/01/2019 18:56,סטודנט/ית,אוניברסיטת אריאל,הייטק,"ניהול פרוייקטים,  PMO",,1,10000,שעתי,"50 לשעה , כ200 שעות חודשיות",לא
08/01/2019 19:40,סטודנט/ית,אוניברסיטת אריאל,תעשייה מסורתית,"ניתוח, עיצוב, איפיון והטמעה של מערכות מידע",לומינרה,1,45,שעתי,,לא
08/01/2019 20:15,בוגר/ת,אוניברסיטת אריאל,מוסד ממשלתי,"ניהול פרוייקטים,  PMO, הנדסת ארגון ושיטות",,2+,11500,גלובלי,,לא
08/01/2019 20:31,בוגר/ת,אוניברסיטת אריאל,תעשייה מסורתית,תפעול וייצור,,1,12500,שעתי,משלמים נסיעות 1500 בחודש,לא
08/02/2019 15:48,בוגר/ת,אוניברסיטת אריאל,מוסד ממשלתי,הנדסת ארגון ושיטות,תאגיד מי רמת גן,2+,13000,שעתי,קרן. השתלמות ואחזקת רכב מלאה,לא
08/02/2019 16:03,בוגר/ת,אוניברסיטת אריאל,תעשייה מסורתית,"ניהול פרוייקטים,  PMO",אפרון,2+,11000,גלובלי,קרן השתלמות מהשנה השניה,לא
08/02/2019 16:39,בוגר/ת,אוניברסיטת אריאל,הייטק,הנדסת ארגון ושיטות,Applied Materials,2+,21000,גלובלי,"משכורת 13, קרן השתלמות, ביטוח רפואי, מניות",כן
08/02/2019 16:52,בוגר/ת,אוניברסיטת אריאל,תעשייה מסורתית,"ניהול פרוייקטים,  PMO",,2+,12000,גלובלי,,כן
08/02/2019 16:58,סטודנט/ית,אוניברסיטת אריאל,תעשייה מסורתית,רכש ולוגיסטיקה,,1,4500,שעתי,,לא
08/02/2019 17:16,סטודנט/ית,אוניברסיטת אריאל,הייטק,תפעול וייצור,,1,35,שעתי,,לא
08/02/2019 17:16,בוגר/ת,אוניברסיטת אריאל,הייטק,QA,,1,11000,גלובלי,,לא
08/02/2019 17:21,סטודנט/ית,אוניברסיטת אריאל,תעשייה מסורתית,"ניהול פרוייקטים,  PMO",,1,45,שעתי,,לא
08/03/2019 01:07,סטודנט/ית,אוניברסיטת אריאל,תעשייה מסורתית,תפעול וייצור,תעשייה אווירית,1,39,שעתי,,לא
08/04/2019 07:21,סטודנט/ית,אוניברסיטת אריאל,תעשייה מסורתית,רכש ולוגיסטיקה,תעשייה אווירית,2+,5500,שעתי,,לא
08/04/2019 21:23,בוגר/ת,אוניברסיטת אריאל,תעשייה מסורתית,תפעול וייצור,תנובה,2+,16000,גלובלי,,כן
08/04/2019 21:25,סטודנט/ית,אוניברסיטת אריאל,תעשייה מסורתית,תפעול וייצור,תעשייה אווירית,1,40,שעתי,,לא
08/04/2019 21:27,בוגר/ת,אוניברסיטת אריאל,תעשייה מסורתית,"ניהול פרוייקטים,  PMO",תע''א,2+,15000,גלובלי,,לא
08/04/2019 21:28,סטודנט/ית,אוניברסיטת אריאל,תעשייה מסורתית,עוזרת מנהל פרוייקט לוגיסטי,תעשייה אווירית,1,39.04,שעתי,,לא
08/04/2019 21:28,בוגר/ת,אוניברסיטת אריאל,תעשייה מסורתית,"ניהול פרוייקטים,  PMO",,2+,18000,גלובלי,קרן השתלמות,לא
08/04/2019 21:28,בוגר/ת,אוניברסיטת אריאל,תעשייה מסורתית,ניהול,,2+,8000,שעתי,,לא
08/04/2019 21:29,בוגר/ת,אוניברסיטת אריאל,תעשייה מסורתית,ניהול,,2+,8000,שעתי,,לא
08/04/2019 21:29,בוגר/ת,אוניברסיטת אריאל,מוסדות פיננסים וחברות ביטוח,ניתוח נתונים,,2+,13000,גלובלי,,לא
08/04/2019 21:30,סטודנט/ית,אוניברסיטת אריאל,יעוץ,"ניהול פרוייקטים,  PMO, תפעול וייצור",Teffen,1,35,שעתי,,לא
08/04/2019 21:33,בוגר/ת,אוניברסיטת אריאל,מוסדות פיננסים וחברות ביטוח,"ניהול פרוייקטים,  PMO, ניתוח, עיצוב, איפיון והטמעה של מערכות מידע",ממ,2+,11000,שעתי,צכנ,לא
08/04/2019 21:34,בוגר/ת,אוניברסיטת אריאל,הייטק,מדעי נתונים - Data science,,2+,25000,גלובלי,,לא
08/04/2019 21:39,בוגר/ת,אוניברסיטת אריאל,מוסד ממשלתי,ניהול משרד טכני,,2+,8000,שעתי,,לא
08/04/2019 21:39,בוגר/ת,אוניברסיטת אריאל,חברת דלק,"ניהול פרוייקטים,  PMO, הנדסת ארגון ושיטות, מנהל תהליכים",חברת אנרגיה,2+,15000,גלובלי,"משכורת 13, קרן השתלמות, חדר אוכל",לא
08/04/2019 21:40,בוגר/ת,אוניברסיטת אריאל,תעשייה מסורתית,תפעול וייצור,פוקס,2+,12000,גלובלי,,לא
08/04/2019 21:44,בוגר/ת,אוניברסיטת אריאל,תעשייה מסורתית,תפעול וייצור,,2+,18000,גלובלי,"משכורת 13, פרמיה רבעונית, קרן השתלמות, ביגוד",לא
08/04/2019 22:10,בוגר/ת,אוניברסיטת אריאל,הייטק,ניתוח נתונים,,2+,16000,גלובלי,,לא
08/04/2019 22:44,בוגר/ת,אוניברסיטת אריאל,תעשייה מסורתית,"ניהול פרוייקטים,  PMO, תפעול וייצור",,2+,10500,גלובלי,קרן השתלמות,לא
08/04/2019 23:37,בוגר/ת,אוניברסיטת אריאל,מוסד ממשלתי,הנדסת ארגון ושיטות,,2+,25000,שעתי,,לא
08/04/2019 23:43,בוגר/ת,אוניברסיטת אריאל,תעשייה מסורתית,"ניהול פרוייקטים,  PMO",,2+,10500,גלובלי,משכורת 13,לא
08/04/2019 23:45,בוגר/ת,אוניברסיטת אריאל,תעשייה מסורתית,"ניהול פרוייקטים,  PMO",,2+,10500,גלובלי,"בונוס בסך משכורת מידי שנה, קרן השתלמות",לא
08/05/2019 15:23,בוגר/ת,אוניברסיטת אריאל,מוסד ממשלתי,"ניהול פרוייקטים,  PMO, ניתוח נתונים , ניתוח, עיצוב, איפיון והטמעה של מערכות מידע",,2+,10000,גלובלי,השתלמות,כן
08/07/2019 17:08,סטודנט/ית,אוניברסיטת אריאל,תעשייה מסורתית,"ניהול פרוייקטים,  PMO, תפעול וייצור",פרופלוס,1,4000,שעתי,,לא
8/14/2019 21:13,סטודנט/ית,אוניברסיטת אריאל,מוסד ממשלתי,"ניהול פרוייקטים,  PMO",,1,9000,שעתי,קרן השתלמות,לא
8/14/2019 21:28,סטודנט/ית,אוניברסיטת אריאל,חברה מתפתחת בתחום ייצור,QA,,1,4500,שעתי,,לא
8/14/2019 23:00,סטודנט/ית,אוניברסיטת אריאל,תעשייה מסורתית,תפעול וייצור,אלביט מערכות-אלאופ,1,40,שעתי,ארוחת בוקר וצהריים כלול חינם,לא
8/15/2019 23:30,סטודנט/ית,אוניברסיטת אריאל,שיווק והפצה,ניתוח נתונים,ראלי וייס,1,5000,גלובלי,,לא
8/22/2019 23:15,בוגר/ת,אוניברסיטת אריאל,תעשייה מסורתית,תפעול וייצור,אלתא,2+,13000,שעתי,קרן השתלמות,לא
8/23/2019 11:50,בוגר/ת,אוניברסיטת אריאל,הייטק,Rpa,Hms,1,14000,גלובלי,,לא
8/25/2019 18:22,סטודנט/ית,אוניברסיטת אריאל,תעשייה מסורתית,תפעול וייצור,Elbit,1,35,שעתי,,לא
8/28/2019 12:12,סטודנט/ית,אוניברסיטת אריאל,תעשייה מסורתית,הנדסת ארגון ושיטות,Maytronucs,1,40,שעתי,,לא
9/27/2019 18:37,בוגר/ת,אוניברסיטת אריאל,הייטק,ניתוח נתונים,Unilever,1,13500,שעתי,"חצי שנה דרך חברת כא , כל התנאים מהיום הראשון",לא
10/04/2019 09:11,בוגר/ת,אוניברסיטת אריאל,מוסד ממשלתי,ניהול משרד טכני,,1,8000,שעתי,,לא
10/04/2019 18:45,סטודנט/ית,אוניברסיטת אריאל,הייטק,Support,,1,5000,שעתי,,לא
10/05/2019 20:56,בוגר/ת,אוניברסיטת אריאל,הייטק,תפעול וייצור,,1,12000,גלובלי,קרן השתלמות,לא
10/25/2019 8:04,סטודנט/ית,אוניברסיטת אריאל,מוסד ממשלתי,תפעול וייצור,משרד הבינוי והשיכון,1,40,שעתי,,לא
12/05/2019 20:38,סטודנט/ית,אוניברסיטת אריאל,מוסדות פיננסים וחברות ביטוח,"ניהול פרוייקטים,  PMO, ניתוח נתונים ",,1,40,שעתי,,לא
12/05/2019 21:30,בוגר/ת,אוניברסיטת אריאל,תעשייה מסורתית,הנדסת ארגון ושיטות,,1,11500,שעתי,"בונוס, קרן השתלמות, פלאפון ",לא
12/06/2019 00:03,בוגר/ת,אוניברסיטת אריאל,מוסד ממשלתי,"ניהול פרוייקטים,  PMO",,2+,15000,גלובלי,השתלמות,כן
12/08/2019 00:39,בוגר/ת,אוניברסיטת אריאל,מוסד ממשלתי,"ניתוח, עיצוב, איפיון והטמעה של מערכות מידע",,1,8000,גלובלי,,לא
12/09/2019 19:17,בוגר/ת,אוניברסיטת אריאל,תעשייה מסורתית,תפעול וייצור,אלישרא,2+,15900,גלובלי,"משכורת 13,14 קרן השתלמות",לא
12/15/2019 20:10,בוגר/ת,אוניברסיטת אריאל,תעשייה מסורתית,תפעול וייצור,Ophir,2+,11000,שעתי,,לא
12/15/2019 20:56,סטודנט/ית,אוניברסיטת אריאל,תעשייה מסורתית,"ניהול פרוייקטים,  PMO, תפעול וייצור, ניתוח, עיצוב, איפיון והטמעה של מערכות מידע",תעשיה אווירית,2+,59,שעתי,יש קרן השתלמות ופנסיה,לא
12/23/2019 9:39,בוגר/ת,אוניברסיטת אריאל,הייטק,"ניהול פרוייקטים,  PMO",Amdocs,2+,17000,גלובלי,,לא
12/27/2019 9:37,בוגר/ת,אוניברסיטת אריאל,תעשייה מסורתית,הנדסת ארגון ושיטות,קבוצת פוקס,1,8000,גלובלי,,לא
12/28/2019 17:42,סטודנט/ית,אוניברסיטת אריאל,הייטק,ניתוח נתונים,Oolo,1,45,שעתי,,לא
12/29/2019 16:29,סטודנט/ית,אוניברסיטת אריאל,תעשייה מסורתית,"ניהול פרוייקטים,  PMO",,1,41,שעתי,לא,לא
01/02/2020 12:37,סטודנט/ית,אוניברסיטת אריאל,הייטק,HELP DESK,EPR SYSTEMS,1,7500,גלובלי,כלום,לא
01/10/2020 15:48,סטודנט/ית,אוניברסיטת אריאל,הייטק,"ניהול פרוייקטים,  PMO",מובילאיי,1,40,שעתי,,לא
1/23/2020 13:08,סטודנט/ית,אוניברסיטת אריאל,מוסדות פיננסים וחברות ביטוח,"ניתוח, עיצוב, איפיון והטמעה של מערכות מידע, Salesforce",,1,50,שעתי,,לא
1/23/2020 16:26,סטודנט/ית,אוניברסיטת אריאל,תעשייה מסורתית,תכנון ובקרה,תעשייה אווירית,2+,42,שעתי,אין,לא
1/23/2020 16:28,בוגר/ת,אוניברסיטת אריאל,הייטק,ניתוח נתונים,Sagarmatha,1,12000,גלובלי,"קרן השתלמות, אופציות בחברה",לא
1/23/2020 16:57,בוגר/ת,אוניברסיטת אריאל,מוסדות פיננסים וחברות ביטוח,ניתוח נתונים,,1,15000,גלובלי,,לא
1/23/2020 17:14,בוגר/ת,אוניברסיטת אריאל,מוסד ממשלתי,"ניהול פרוייקטים,  PMO",תעשייה אווירית,2+,14700,גלובלי,,לא
1/28/2020 9:31,סטודנט/ית,אוניברסיטת אריאל,תעשייה מסורתית,"הנדסת ארגון ושיטות, ניתוח, עיצוב, איפיון והטמעה של מערכות מידע",Iai,2+,6100,שעתי,"משרת סטודנט 3 ימים בשבוע. קופת גמל , הטבות שותפות",לא
2/14/2020 14:02,סטודנט/ית,אוניברסיטת אריאל,הייטק,"ניתוח, עיצוב, איפיון והטמעה של מערכות מידע",אלמוג תעשיות תוכנה,1,50,שעתי,,לא
2/19/2020 22:45,סטודנט/ית,אוניברסיטת אריאל,הייטק,ניתוח נתונים,Dell,1,15000,גלובלי,,לא
2/20/2020 5:44,בוגר/ת,אוניברסיטת אריאל,תעשייה מסורתית,תפעול וייצור,אלביט,1,12000,גלובלי,,לא
5/27/2020 9:36,סטודנט/ית,אוניברסיטת אריאל,הייטק,"ניהול פרוייקטים,  PMO",,1,40,שעתי,,לא
5/27/2020 10:05,בוגר/ת,אוניברסיטת אריאל,לוחות זמנים,"ניהול פרוייקטים,  PMO",,2+,12500,גלובלי,קרן השתלמות,לא
5/27/2020 10:07,סטודנט/ית,אוניברסיטת אריאל,הייטק,ניתוח נתונים,google,1,13000,שעתי,,לא
5/27/2020 10:22,סטודנט/ית,אוניברסיטת אריאל,תעשייה מסורתית,"ניהול פרוייקטים,  PMO, ניתוח, עיצוב, איפיון והטמעה של מערכות מידע",Iai,2+,60,שעתי,יש גמול השתלמות,לא
06/06/2020 23:58,סטודנט/ית,אוניברסיטת אריאל,מוסדות פיננסים וחברות ביטוח,ניתוח נתונים,בנק,1,50,שעתי,,לא
06/10/2020 10:56,סטודנט/ית,אוניברסיטת אריאל,הייטק,לוגיסטיקה,SolarEdge,1,45,שעתי,"10bis,מתנות בחגים",לא
06/10/2020 19:11,סטודנט/ית,אוניברסיטת אריאל,הייטק,ניתוח נתונים,,1,40,שעתי,,לא
06/10/2020 19:50,בוגר/ת,אוניברסיטת אריאל,מוסד ממשלתי,"ניהול פרוייקטים,  PMO, ניתוח, עיצוב, איפיון והטמעה של מערכות מידע",,2+,14500,גלובלי,קרן השתלמות,כן
6/15/2020 18:23,סטודנט/ית,אוניברסיטת אריאל,הייטק,"ניהול פרוייקטים,  PMO",Elbit,1,40,שעתי,,לא
08/05/2020 11:47,בוגר/ת,אוניברסיטת אריאל,תחום הבניה,"ניהול פרוייקטים,  PMO",,2+,15000,גלובלי,אחרי חצי שנה,לא
08/05/2020 11:55,סטודנט/ית,אוניברסיטת אריאל,תעשייה מסורתית,"ניהול פרוייקטים,  PMO",,1,59,שעתי,,לא
08/05/2020 17:10,סטודנט/ית,אוניברסיטת אריאל,תעשייה מסורתית,הנדסת ארגון ושיטות,Iai,2+,6500,שעתי,,לא
08/06/2020 11:42,סטודנט/ית,אוניברסיטת אריאל,מוסד ממשלתי,QA,משרד האוצר,1,6000,שעתי,קרן השתלמות מהיום הראשון ותנאים של עובדי מדינה,לא
8/19/2020 8:20,סטודנט/ית,אוניברסיטת אריאל,תעשייה מסורתית,"ניהול פרוייקטים,  PMO, ניתוח נתונים , מדעי נתונים , תפעול וייצור, תכנות: Frontend/Backend/Fullstack, ניתוח, עיצוב, איפיון והטמעה של מערכות מידע",,1,10000,שעתי,,לא
9/24/2020 11:51,סטודנט/ית,אוניברסיטת אריאל,הייטק,ניתוח נתונים,,1,40,שעתי,,לא
9/24/2020 11:54,סטודנט/ית,אוניברסיטת אריאל,מוסד ממשלתי,"ניהול פרוייקטים,  PMO",מילגם,1,4000,שעתי,יש קרן השתלמות,לא
9/24/2020 12:56,בוגר/ת,אוניברסיטת אריאל,תעשייה מסורתית,הנדסת איכות,,2+,14400,גלובלי,"החזקת רכב, קרן השתלמות, דמי היגוד, דמי הבראה",לא
9/24/2020 13:50,בוגר/ת,אוניברסיטת אריאל,הייטק,ניתוח נתונים,Mixtiles,2+,17000,גלובלי,פנסיה קרן השתלמות אופציות אוכל,לא
9/24/2020 19:00,בוגר/ת,אוניברסיטת אריאל,רשת חנויות,הנדסת ארגון ושיטות,,1,10000,גלובלי,,לא
9/24/2020 19:37,בוגר/ת,אוניברסיטת אריאל,הייטק,ניתוח נתונים,Ex Libris,1,14000,גלובלי,,לא
11/02/2020 19:19,בוגר/ת,אוניברסיטת אריאל,חברה,"ניהול פרוייקטים,  PMO, ניתוח, עיצוב, איפיון והטמעה של מערכות מידע",,1,8000,גלובלי,,כן
11/02/2020 19:19,בוגר/ת,אוניברסיטת אריאל,בנייה,"ניהול פרוייקטים,  PMO",,2+,15000,גלובלי,קרן השתלמות אחרי חצי שנה,לא
11/02/2020 19:20,סטודנט/ית,אוניברסיטת אריאל,מוסד ממשלתי,הנדסת ארגון ושיטות,צהל,1,29,שעתי,,לא
11/02/2020 19:25,בוגר/ת,אוניברסיטת אריאל,מוסד ממשלתי,ניתוח נתונים,,1,9000,גלובלי,,לא
11/02/2020 19:44,בוגר/ת,אוניברסיטת אריאל,תעשייה מסורתית,תפעול וייצור,תעשייה אווירית,2+,13000,גלובלי,קרן השתלמות,לא
11/02/2020 19:59,בוגר/ת,אוניברסיטת אריאל,הייטק,Support,,2+,50,שעתי,,לא
11/02/2020 20:03,סטודנט/ית,אוניברסיטת אריאל,הייטק,ניתוח נתונים,,1,40,שעתי,,לא
11/02/2020 21:55,בוגר/ת,אוניברסיטת אריאל,תעשייה מסורתית,תפעול וייצור,,1,10000,גלובלי,,לא
11/03/2020 17:31,סטודנט/ית,אוניברסיטת אריאל,תעשייה מסורתית,"ניהול פרוייקטים,  PMO",,2+,5000,שעתי,,לא
11/21/2020 14:41,בוגר/ת,אוניברסיטת אריאל,הייטק,"ניתוח, עיצוב, איפיון והטמעה של מערכות מידע",,1,12300,גלובלי,"קרן השתלמות, ביטוח מנהלים, ביטוח בריאות",לא
11/21/2020 15:47,בוגר/ת,אוניברסיטת אריאל,תעשייה מסורתית,תפעול וייצור,,1,10500,גלובלי,"קרן השתלמות, פנסיה",לא
11/21/2020 17:46,בוגר/ת,אוניברסיטת אריאל,מוסד ממשלתי,"ניתוח, עיצוב, איפיון והטמעה של מערכות מידע",אלומה,2+,10000,גלובלי,,לא
11/21/2020 17:46,בוגר/ת,אוניברסיטת אריאל,מוסד ממשלתי,"ניתוח, עיצוב, איפיון והטמעה של מערכות מידע",אלומה,2+,10000,גלובלי,,לא
11/21/2020 17:49,בוגר/ת,אוניברסיטת אריאל,מוסד ממשלתי,הנדסת ארגון ושיטות,,2+,14600,גלובלי,"אחזקת רכב, קרן השתלמות , משכורת 13",לא
11/22/2020 9:06,בוגר/ת,אוניברסיטת אריאל,תקשורת,"ניהול פרוייקטים,  PMO, ניתוח נתונים ",Yes,1,13000,גלובלי,,לא
11/22/2020 21:43,בוגר/ת,אוניברסיטת אריאל,בית חולים מאיר,אנליסט,בית חולים מאיר,2+,9000,גלובלי,,לא
12/09/2020 23:01,בוגר/ת,אוניברסיטת אריאל,מוסדות פיננסים וחברות ביטוח,ניתוח נתונים,בנק,1,11000,גלובלי,,לא
01/12/2021 09:08,בוגר/ת,אוניברסיטת אריאל,עמותה,"ניתוח, עיצוב, איפיון והטמעה של מערכות מידע",אלומה,1,10000,גלובלי,קרן השתלמות,לא
01/12/2021 12:23,סטודנט/ית,אוניברסיטת אריאל,תעשייה מסורתית,תפעול וייצור,תעשייה אווירית,1,54,שעתי,"שכר סטודנט מצטיין (ממוצע מעל 85) , שנה שלישית בתואר.",לא
1/31/2021 15:13,סטודנט/ית,אוניברסיטת אריאל,תעשייה מסורתית,QA,,2+,10000,גלובלי,,לא
5/21/2021 10:36,בוגר/ת,אוניברסיטת אריאל,חברת בניה,"ניהול פרוייקטים,  PMO",,2+,15500,גלובלי,קרן השתלמות,לא
5/21/2021 10:36,סטודנט/ית,אוניברסיטת אריאל,הייטק,ניתוח נתונים,סייבר,1,70,שעתי,"קרןקרן השתלמות, ביטוח רפואי, תן-ביס, תשלום על חשבון אינטרנט בבית",לא
5/21/2021 10:55,סטודנט/ית,אוניברסיטת אריאל,הייטק,רכש,סטארטאפ 30-40 עובדים,1,60,שעתי,"תן ביס 30 ליום, חניה חינם בת?א (לא מובן מאליו לדעתי חח)",לא
5/21/2021 11:32,בוגר/ת,אוניברסיטת אריאל,קמעונאות,ניתוח נתונים,סלטי שמיר,1,9500,גלובלי,,לא
5/21/2021 11:58,בוגר/ת,אוניברסיטת אריאל,חברת יעוץ,הנדסת ארגון ושיטות,,2+,12500,גלובלי,,לא
5/22/2021 22:46,בוגר/ת,אוניברסיטת אריאל,תעשייה מסורתית,"ניהול פרוייקטים,  PMO, הנדסת ארגון ושיטות",,1,12500,גלובלי,,כן
5/25/2021 15:14,סטודנט/ית,אוניברסיטת אריאל,הייטק,ניתוח נתונים,Pandologic,1,47,שעתי,,לא
08/01/2019 11:49,סטודנט/ית,אוניברסיטת אריאל,תעשייה מסורתית,"ניהול פרוייקטים,  PMO, תפעול וייצור",,1,4900,שעתי,,לא
08/01/2019 11:42,בוגר/ת,אוניברסיטת בר אילן,תעשייה מסורתית,תפעול וייצור,תעש,10+,11000,גלובלי,,
08/01/2019 11:43,סטודנט/ית,אוניברסיטת בר אילן,תעשייה מסורתית,תפעול וייצור,,1,32,שעתי,,
06/02/2020 13:19,בוגר/ת,אוניברסיטת בר אילן,תעשייה מסורתית,"ניתוח נתונים , תפעול וייצור",Partner,2+,15000,גלובלי,,כן
11/02/2020 19:34,בוגר/ת,אוניברסיטת בר אילן,תעשייה מסורתית,תפעול וייצור,,10+,14000,שעתי,,לא
08/05/2020 16:29,בוגר/ת,אוניברסיטת חיפה,מוסדות פיננסים וחברות ביטוח,ניתוח נתונים,,1,10000,גלובלי,,לא
08/02/2019 19:19,סטודנט/ית,אוניברסיטת תל אביב,הייטק,QA,,1,48,שעתי,,לא
08/02/2019 19:23,בוגר/ת,אוניברסיטת תל אביב,חברת ייעוץ,"ניהול פרוייקטים,  PMO, הנדסת ארגון ושיטות",,2+,12000,גלובלי,"בונוס חצי שנתי, קרן השתלמות, בעתיד רכב",לא
08/12/2019 17:22,בוגר/ת,אוניברסיטת תל אביב,תעשייה מסורתית,"ניתוח, עיצוב, איפיון והטמעה של מערכות מידע",צהל,2+,12000,גלובלי,כלום ושום דבר,לא
12/13/2019 13:34,סטודנט/ית,אוניברסיטת תל אביב,הייטק,תכנות: Frontend/Backend/Fullstack,,2+,8000,גלובלי,,לא
01/08/2020 13:48,סטודנט/ית,אוניברסיטת תל אביב,הייטק,"ניהול פרוייקטים,  PMO, מדעי נתונים - ניתוח, עיצוב, איפיון והטמעה של מערכות מידע",Forescout,1,60,שעתי,השתלמות+ פנסיה מיום ראשןן,לא
02/01/2020 22:46,בוגר/ת,אוניברסיטת תל אביב,הייטק,מדעי נתונים - Data science,,2+,26300,גלובלי,,לא
5/27/2020 9:40,סטודנט/ית,אוניברסיטת תל אביב,הייטק,"ניהול פרוייקטים,  PMO, ניתוח נתונים ",,1,6500,שעתי,,לא
08/05/2020 11:53,סטודנט/ית,אוניברסיטת תל אביב,הייטק,ניתוח נתונים,Expander,1,9200,גלובלי,,לא
11/02/2020 19:39,בוגר/ת,אוניברסיטת תל אביב,מוסדות פיננסים וחברות ביטוח,הנדסת ארגון ושיטות,,1,14000,גלובלי,"קרן השתלמות, קרן פנסיה, תשלום עבור נסיעות ברכב פרטי",לא
1/31/2021 16:29,בוגר/ת,אוניברסיטת תל אביב,מוסדות פיננסים וחברות ביטוח,"מדעי נתונים - Data science, Data engineering",מקס,2+,17000,גלובלי,,לא
1/31/2021 17:04,בוגר/ת,אוניברסיטת תל אביב,מוסדות פיננסים וחברות ביטוח,"ניהול פרוייקטים,  PMO, ניתוח נתונים ",,2+,22000,גלובלי,"קרן השתלמות, החזר ארוחות",לא
08/02/2019 18:59,סטודנט/ית,בן גוריון,תעשייה מסורתית,תפעול וייצור,Elbit Systems,1,40,שעתי,,לא
08/02/2019 19:02,בוגר/ת,בן גוריון,תעשייה מסורתית,תפעול וייצור,Elbit Systems,1,10500,גלובלי,מצפים לכ20 שעות נוספות (אשר מקבלים עליהן עוד כסף),לא
08/03/2019 09:47,סטודנט/ית,בן גוריון,הייטק,ניתוח נתונים,Solaredge,1,55,שעתי,,לא
08/03/2019 12:07,בוגר/ת,בן גוריון,ייעוץ,"ניהול פרוייקטים,  PMO, ניתוח נתונים , הנדסת ארגון ושיטות, ניתוח, עיצוב, איפיון והטמעה של מערכות מידע",,2+,22000,גלובלי,"קרן השתלמות, בונוס שנתי",לא
08/04/2019 10:32,בוגר/ת,בן גוריון,תעשייה מסורתית,חברת ייעוץ,,2+,12000,גלובלי,עם משכורת 13. ללא ארוחות והחזרי דלק,לא
8/13/2019 6:39,סטודנט/ית,בן גוריון,הייטק,ניתוח נתונים,,2+,55,שעתי,"תן ביס 100 ביום , נסיעות 50 ביום",לא
8/22/2019 19:51,בוגר/ת,בן גוריון,ייעוץ,הנדסת ארגון ושיטות,,2+,20000,גלובלי,קרן השתלמות,לא
8/22/2019 22:12,בוגר/ת,בן גוריון,חברת ייעוץ,הנדסת ארגון ושיטות,,1,15000,גלובלי,,לא
8/25/2019 17:19,בוגר/ת,בן גוריון,הייטק,"ניתוח, עיצוב, איפיון והטמעה של מערכות מידע",,2+,16500,גלובלי,,לא
9/27/2019 16:44,סטודנט/ית,בן גוריון,חברת ייעוץ,הנדסת ארגון ושיטות,,1,50,שעתי,אין קרן השתלמות. משכורת למשרה מלאה 10000 ברוטו,לא
10/04/2019 18:57,בוגר/ת,בן גוריון,חברת ייעוץ,"ניהול פרוייקטים,  PMO",,1,10500,גלובלי,משכורת 13,לא
10/08/2019 16:51,סטודנט/ית,בן גוריון,תעשייה מסורתית,תפעול וייצור,,1,34,שעתי,,לא
11/16/2019 19:37,סטודנט/ית,בן גוריון,הייטק,ניתוח נתונים,wix,1,75,שעתי,,לא
11/16/2019 20:13,סטודנט/ית,בן גוריון,חברת ייעוץ,"ניהול פרוייקטים,  PMO, הנדסת ארגון ושיטות",,1,50,שעתי,,לא
11/28/2019 12:22,סטודנט/ית,בן גוריון,מוסד ממשלתי,תרגום,,1,5500,שעתי,,לא
12/05/2019 20:11,בוגר/ת,בן גוריון,הייטק,"ניתוח, עיצוב, איפיון והטמעה של מערכות מידע",מטריקס,2+,14000,גלובלי,קרן השתלמות,כן
12/09/2019 11:04,סטודנט/ית,בן גוריון,הייטק,ניתוח נתונים,,1,6000,גלובלי,,לא
12/09/2019 19:09,בוגר/ת,בן גוריון,ייעוץ,הנדסת ארגון ושיטות,,1,15000,גלובלי,"קרן השתלמות, הוצאות נסיעה ",לא
01/02/2020 12:31,סטודנט/ית,בן גוריון,הייטק,תפעול וייצור,אירספאן,1,7000,שעתי,קרן השתלמות,לא
01/10/2020 11:46,סטודנט/ית,בן גוריון,הייטק,Product analyst,,1,60,שעתי,,לא
1/23/2020 16:23,סטודנט/ית,בן גוריון,מוסדות פיננסים וחברות ביטוח,ניתוח נתונים,,1,12223,שעתי,,לא
05/03/2020 10:53,סטודנט/ית,בן גוריון,תעשייה מסורתית,ניתוח נתונים,Unilevet,1,48,שעתי,,לא
5/27/2020 9:33,בוגר/ת,בן גוריון,הייטק,ניתוח נתונים,,1,14000,גלובלי,,לא
5/31/2020 9:44,בוגר/ת,בן גוריון,מוסדות פיננסים וחברות ביטוח,ניתוח נתונים,MAX,1,14000,גלובלי,,לא
06/10/2020 19:30,סטודנט/ית,בן גוריון,הייטק,ניתוח נתונים,One BI,1,45,שעתי,,לא
06/10/2020 20:20,בוגר/ת,בן גוריון,הייטק,"ניתוח, עיצוב, איפיון והטמעה של מערכות מידע",מטריקס,2+,15800,גלובלי,קרן השתלמות,
08/05/2020 11:42,סטודנט/ית,בן גוריון,הייטק,מדעי נתונים - Data science,intel,2+,65,שעתי,,לא
08/05/2020 11:44,בוגר/ת,בן גוריון,הייטק,מדעי נתונים - Data science,,2+,38000,גלובלי,"קרן השתלמות, החזר דלק",לא
08/05/2020 11:47,בוגר/ת,בן גוריון,הייטק,ניתוח נתונים,,1,15000,גלובלי,קרן השתלמות,לא
08/05/2020 12:07,בוגר/ת,בן גוריון,הייטק,מדעי נתונים - Data science,,10+,46000,גלובלי,,
08/05/2020 12:07,בוגר/ת,בן גוריון,הייטק,מדעי נתונים - Data science,,10+,46000,גלובלי,,
08/05/2020 14:02,בוגר/ת,בן גוריון,מוסדות פיננסים וחברות ביטוח,ניתוח נתונים,בנק,1,15000,גלובלי,קרן השתלמות,לא
08/05/2020 14:54,בוגר/ת,בן גוריון,הייטק,"ניהול פרוייקטים,  PMO",Medatech,1,12000,גלובלי,,לא
08/10/2020 16:32,בוגר/ת,בן גוריון,הייטק,ניתוח נתונים,,1,15000,גלובלי,קרן השתלמות,לא
9/24/2020 11:51,בוגר/ת,בן גוריון,הייטק,מנהל קמפיינים,Kendago,1,11000,גלובלי,,לא
9/24/2020 12:10,סטודנט/ית,בן גוריון,הייטק,ניתוח נתונים,BlueVine,1,50,שעתי,,לא
9/24/2020 12:11,בוגר/ת,בן גוריון,מוסדות פיננסים וחברות ביטוח,ניתוח נתונים,Be2see אשר שלחו אותי למגדל,1,14000,גלובלי,קרן השתלמות,לא
9/24/2020 15:26,בוגר/ת,בן גוריון,הייטק,"ניתוח, עיצוב, איפיון והטמעה של מערכות מידע",,1,13000,גלובלי,קרן השתלמות,לא
11/02/2020 19:27,בוגר/ת,בן גוריון,תעשייה מסורתית,ניתוח נתונים,,1,12400,גלובלי,,לא
11/02/2020 19:58,בוגר/ת,בן גוריון,מוסדות פיננסים וחברות ביטוח,"ניהול פרוייקטים,  PMO",,1,13000,גלובלי,קרן השתלמות,לא
11/02/2020 20:03,סטודנט/ית,בן גוריון,הייטק,"ניתוח, עיצוב, איפיון והטמעה של מערכות מידע",Menahel4u,1,7500,שעתי,,לא
11/03/2020 08:53,סטודנט/ית,בן גוריון,הייטק,"ניתוח, עיצוב, איפיון והטמעה של מערכות מידע",Menahel4u,1,7500,שעתי,,לא
11/21/2020 14:34,בוגר/ת,בן גוריון,הייטק,ניתוח נתונים,Optimove,1,14000,גלובלי,קרן השתלמות,לא
01/12/2021 09:07,בוגר/ת,בן גוריון,הייטק,ניתוח נתונים,,1,17000,גלובלי,,לא
01/12/2021 09:38,בוגר/ת,בן גוריון,הייטק,מיישם SFMC,יעל תוכנה,1,13600,גלובלי,נותנים לי 624 שקל נסיעות יש קרן השתלמות ופנסיה,לא
1/13/2021 1:19,בוגר/ת,בן גוריון,תעשייה מסורתית,"ניהול פרוייקטים,  PMO, הנדסת ארגון ושיטות",,1,12000,גלובלי,,לא
1/26/2021 18:42,סטודנט/ית,בן גוריון,קוקה קולה,הנדסת ארגון ושיטות,קוקה קולה,1,12000,גלובלי,"משכורת 13, קרן השתלמות",
5/21/2021 10:39,בוגר/ת,בן גוריון,מוסדות פיננסים וחברות ביטוח,הנדסת ארגון ושיטות,,1,14500,גלובלי,,לא
5/21/2021 11:43,בוגר/ת,בן גוריון,הייטק,"ניהול פרוייקטים,  PMO",,1,12000,גלובלי,,לא
5/25/2021 23:50,בוגר/ת,בן גוריון,מוסדות פיננסים וחברות ביטוח,"ניתוח, עיצוב, איפיון והטמעה של מערכות מידע",,1,17000,גלובלי,,לא
8/25/2019 16:25,בוגר/ת,האקדמית עמק יזרעאל,מוסד ממשלתי,ניתוח נתונים,,1,1100,גלובלי,"משרה ללא שעות נוספות, קרן השתלמות, 19 ימי חופשה",לא
08/04/2019 21:22,בוגר/ת,האקדמית תל אביב יפו,פרטי,מכירות ??,S.al,2+,9000,גלובלי,,לא
8/23/2019 9:38,בוגר/ת,האקדמית תל אביב יפו,תעשייה מסורתית,תפעול וייצור,ינון מאפים,1,8800,שעתי,לא,לא
12/09/2019 19:22,בוגר/ת,האקדמית תל אביב יפו,הייטק,QA,,2+,13500,גלובלי,,לא
01/10/2020 11:41,בוגר/ת,האקדמית תל אביב יפו,מוסד ממשלתי,"ניתוח, עיצוב, איפיון והטמעה של מערכות מידע",,1,10500,גלובלי,,לא
01/12/2021 14:25,בוגר/ת,האקדמית תל אביב יפו,הייטק,"תכנות: Frontend/Backend/Fullstack, Devops",Microsoft,10+,47594,גלובלי,"קרן השתלמות ניתן להפריש מעבר לתקרה עדיין 7.5% מהמעסיק בתוספת 2.5% מהעובד, אני בוחר אם ההפרש הולך לקרן השתלמות עם מס רווחי הון רגיל או לברוטו שלי. החזר הוצאות שיניים 1200 בשנה, החזר הוצאות ספורט 1000 בשנה, ביטוח בריאות פרטי עם 85% השתתפות למומחים כולל פרטיים, 23 ימי חופש בשנה",לא
08/02/2019 17:37,בוגר/ת,המכללה להנדסה ירושלים,הייטק,ניתוח נתונים,Exlibris,1,13000,גלובלי,קרן השתלמות,לא
08/02/2019 17:41,סטודנט/ית,המכללה להנדסה ירושלים,מוסד ממשלתי,ניתוח נתונים,,1,34,שעתי,"קרן השתלמות, ארוחות",לא
08/03/2019 21:40,בוגר/ת,המכללה להנדסה ירושלים,תעשייה מסורתית,"ניהול פרוייקטים,  PMO, הנדסת ארגון ושיטות",HP Indigo,2+,19000,גלובלי,קרן השתלמות. תנאים סוציאליים טובים מאוד,כן
08/04/2019 01:48,בוגר/ת,המכללה להנדסה ירושלים,מוסד ממשלתי,"ניהול פרוייקטים,  PMO",,2+,13000,גלובלי,,לא
08/04/2019 21:23,בוגר/ת,המכללה להנדסה ירושלים,בית חולים,"ניהול פרוייקטים,  PMO, הנדסת ארגון ושיטות",הדסה עין כרם,1,10000,גלובלי,קרן השתלמות בונוסים,לא
12/03/2019 10:05,בוגר/ת,המכללה להנדסה ירושלים,חברת ייעוץ,"ייעוץ מערכות טכנולוגיות, ניהול פרויקטים",חברת ייעוץ,1,10000,גלובלי,"משכורת 10k עבור 168 שעות בחודש, סבסוד ארוחות",לא
01/10/2020 12:00,בוגר/ת,המכללה להנדסה ירושלים,מוסד ממשלתי,Analyst soc tier 2,,2+,12000,שעתי,"קרן השתלמות, פנסיה",לא
05/02/2020 15:31,בוגר/ת,המכללה להנדסה ירושלים,מוסד ממשלתי,Cyber security analyst,,2+,12000,שעתי,,לא
5/27/2020 9:34,בוגר/ת,המכללה להנדסה ירושלים,מוסדות פיננסים וחברות ביטוח,"ניהול פרוייקטים,  PMO, הנדסת ארגון ושיטות",,2+,11,גלובלי,,לא
08/05/2020 11:52,בוגר/ת,המכללה להנדסה ירושלים,תעשייה מסורתית,תפעול וייצור,,1,10000,גלובלי,קרן השתלמות,לא
11/02/2020 20:26,בוגר/ת,המכללה להנדסה ירושלים,בית חולים הדסה,"ניהול פרוייקטים,  PMO, ניתוח נתונים , הנדסת ארגון ושיטות",מרכז רפואי הדסה,1,10000,גלובלי,"משכורת 13, קרן השתלמות, הטבות בריאות בבית חולים",לא
01/12/2021 09:27,בוגר/ת,המכללה להנדסה ירושלים,תעשייה מסורתית,תפעול וייצור,,1,10300,שעתי,,לא
2/17/2021 23:28,סטודנט/ית,המכללה להנדסה ירושלים,מוסד ממשלתי,"ניתוח, עיצוב, איפיון והטמעה של מערכות מידע, QA",,1,10000,גלובלי,,לא
08/05/2020 15:02,בוגר/ת,המכללה למינהל,מוסדות פיננסים וחברות ביטוח,ניתוח נתונים,,2+,25000,גלובלי,השתלמות,לא
08/02/2019 17:13,סטודנט/ית,המרכז האקדמי לב,הייטק,"ניהול פרוייקטים,  PMO",,2+,4000,שעתי,,לא
8/22/2019 19:17,בוגר/ת,המרכז האקדמי לב,תעשייה מסורתית,"ניתוח, עיצוב, איפיון והטמעה של מערכות מידע",ICL,2+,10000,גלובלי,השכר כולל את הנסיעות והשעות הנוספות על המשרה המלאה.,לא
8/25/2019 14:53,סטודנט/ית,המרכז האקדמי לב,מוסד ממשלתי,ניתוח נתונים,,1,4000,שעתי,שכר ממשלתי קבוע לסטודנטים,לא
9/24/2020 11:59,בוגר/ת,המרכז האקדמי לב,הייטק,ניתוח נתונים,exlibris,2+,12500,גלובלי,קרן השתלמות,לא
11/12/2020 11:47,בוגר/ת,המרכז האקדמי לב,תעשייה מסורתית,תפעול וייצור,המשבב,1,10500,שעתי,,
5/21/2021 11:45,בוגר/ת,המרכז האקדמי לב,תעשייה מסורתית,פלנר,,1,14000,גלובלי,קרן השתלמות,לא
08/05/2020 11:46,בוגר/ת,המרכז האקדמי לב,מוסד ממשלתי,הנדסת ארגון ושיטות,,1,6000,גלובלי,"קרן השתלמות, פנסיה וכו",לא
08/02/2019 15:43,בוגר/ת,טכניון,הייטק,ניתוח נתונים,Intel,2+,22000,גלובלי,,לא
08/02/2019 15:45,סטודנט/ית,טכניון,מוסד ממשלתי,תפעול וייצור,אלביט,1,4500,שעתי,,לא
08/02/2019 15:47,סטודנט/ית,טכניון,הייטק,ניתוח נתונים,Intel,1,62,שעתי,,לא
08/02/2019 16:00,בוגר/ת,טכניון,תעשייה מסורתית,Data engineer,Rafael,2+,18000,שעתי,"שעות נוספות, בונוסים רבעוניים אחלה קרן השתלמות",לא
08/02/2019 16:16,סטודנט/ית,טכניון,תעשייה מסורתית,CI,אליאנס,1,50,שעתי,,לא
08/02/2019 17:02,סטודנט/ית,טכניון,הייטק,"ניהול פרוייקטים,  PMO",Intel,1,50,שעתי,,לא
08/02/2019 17:43,סטודנט/ית,טכניון,הייטק,ניתוח נתונים,,1,70,שעתי,קרן השתלמות,לא
08/02/2019 18:44,סטודנט/ית,טכניון,תעשייה מסורתית,תפעול וייצור,,1,40,שעתי,,לא
08/02/2019 19:14,סטודנט/ית,טכניון,הייטק,"ניהול פרוייקטים,  PMO",Intel,1,51.2,שעתי,"השתתפות בתוכנית מניות,תקציב איכות חיים, 3 ארוחות ביום, יום חופש בתשלום בחודש יום ההולדת, מתנות בתקופת מבחנים ",לא
08/03/2019 11:59,בוגר/ת,טכניון,תעשייה מסורתית,תפעול וייצור,,2+,19000,גלובלי,קרן השתלמות,לא
08/03/2019 13:56,בוגר/ת,טכניון,Low tech,"ניהול פרוייקטים,  PMO",,1,13500,גלובלי,קרן השתלמות,לא
08/06/2019 13:50,סטודנט/ית,טכניון,הייטק,"ניתוח נתונים , מדעי נתונים , Devops",Intel,2+,90,שעתי,,לא
08/11/2019 15:34,סטודנט/ית,טכניון,הייטק,בקרה תקציבית,,1,60,שעתי,קרן השתלמות,לא
8/15/2019 16:06,בוגר/ת,טכניון,הייטק,"ניתוח, עיצוב, איפיון והטמעה של מערכות מידע",Ncr,1,10000,גלובלי,,לא
8/22/2019 19:13,בוגר/ת,טכניון,תעשייה מסורתית,תפעול וייצור,,2+,19000,גלובלי,קרן השתלמות,לא
8/25/2019 14:48,סטודנט/ית,טכניון,הייטק,Devops,אינטל,1,56,שעתי,,לא
09/04/2019 15:21,סטודנט/ית,טכניון,תעשייה מסורתית,תפעול וייצור,רפאל,1,45,שעתי,,לא
09/04/2019 22:14,בוגר/ת,טכניון,הייטק,"ניתוח, עיצוב, איפיון והטמעה של מערכות מידע",,10+,35000,גלובלי,,כן
9/27/2019 13:38,סטודנט/ית,טכניון,תעשייה מסורתית,תפעול וייצור,,1,40,שעתי,,לא
12/05/2019 20:52,בוגר/ת,טכניון,תעשייה מסורתית,הנדסת ארגון ושיטות,,10+,25000,גלובלי,,לא
12/05/2019 21:56,בוגר/ת,טכניון,תעשייה מסורתית,תפעול וייצור,,2+,19000,גלובלי,קרן השתלמות,לא
1/23/2020 14:42,בוגר/ת,טכניון,תעשייה מסורתית,"ניהול פרוייקטים,  PMO",יוניון מוטורס,2+,12000,גלובלי,משכורת 13 + קרן השתלמות,כן
05/11/2020 00:40,סטודנט/ית,טכניון,תעשייה מסורתית,תפעול וייצור,,1,37,שעתי,,לא
08/05/2020 11:52,סטודנט/ית,טכניון,הייטק,ניתוח נתונים,,2+,7000,שעתי,,לא
10/20/2020 2:22,בוגר/ת,טכניון,תעשייה מסורתית,"ניהול פרוייקטים,  PMO, תפעול וייצור",,1,11000,שעתי,"קרן השתלמות, הסעות, ארוחות, מתנות, בונוסים",לא
11/21/2020 16:05,בוגר/ת,טכניון,הייטק,"ניתוח, עיצוב, איפיון והטמעה של מערכות מידע",,2+,10000,גלובלי,,לא
08/01/2019 12:07,בוגר/ת,"לא מהנדס , הנדסאי",תעשייה מסורתית,תפעול וייצור,,10+,15000,גלובלי,,לא
12/28/2019 17:07,בוגר/ת,מוסד ממש טוב,תעשייה מסורתית,"ניהול פרוייקטים,  PMO, תפעול וייצור",Flex,1,9000,שעתי,"קרן השתלמות, ארוחות, הסעות, בונוסים רבעוניים",לא
8/25/2019 14:45,סטודנט/ית,מכללת אורט בראודה,מוסד ממשלתי,עוזרת במטלות השוטפות,,1,3720,שעתי,"קרן השתלמות , פנסיה ",לא
9/27/2019 13:41,סטודנט/ית,מכללת אורט בראודה,תעשייה מסורתית,"ניהול פרוייקטים,  PMO, הנדסת ארגון ושיטות",Palram,1,42,שעתי,,לא
11/03/2019 18:01,בוגר/ת,מכללת אורט בראודה,תעשייה מסורתית,הנדסת ארגון ושיטות,סנמינה,2+,10000,גלובלי,קרן השתלמות,לא
11/16/2019 19:31,סטודנט/ית,מכללת אורט בראודה,תעשייה מסורתית,תפעול וייצור,תב מדיקל,1,9000,שעתי,,לא
11/16/2019 19:31,בוגר/ת,מכללת אורט בראודה,Low tech,תפעול וייצור,,1,9800,גלובלי,קרן השתלמות,לא
06/10/2020 23:54,בוגר/ת,מכללת אורט בראודה,תעשייה מסורתית,תפעול וייצור,,2+,10500,שעתי,קרן השתלמות,לא
9/24/2020 12:38,סטודנט/ית,מכללת אורט בראודה,תעשייה מסורתית,"תו""ב",רפאל,2+,50,שעתי,,לא
11/21/2020 15:12,בוגר/ת,מכללת אורט בראודה,תעשייה מסורתית,תפעול וייצור,אלביט,1,13000,גלובלי,,לא
11/21/2020 15:39,בוגר/ת,מכללת אורט בראודה,תעשייה מסורתית,"ניהול פרוייקטים,  PMO",טמבור,2+,12500,גלובלי,"קה""ש",לא
5/21/2021 12:32,בוגר/ת,מכללת אורט בראודה,תעשייה מסורתית,תפעול וייצור,רפאל,1,12000,גלובלי,"בונוס רבעוני, בונוס ועד, חלוקת רווחים, קרן השתלמות, ביטוח רפואי מקיף כולל שיניים",לא
5/21/2021 15:13,סטודנט/ית,מכללת אורט בראודה,מוסד ממשלתי,משרת סטודנט בקרת פרויקטים,בינוי ושיכון,1,3600,שעתי,,לא
06/04/2021 19:13,בוגר/ת,מכללת אורט בראודה,תעשייה מסורתית,תפעול וייצור,Flex,1,9500,שעתי,"קרן השתלמות, בונוסים",לא
08/01/2019 11:52,בוגר/ת,מכללת אפקה,הייטק,"ניהול פרוייקטים,  PMO",בזק,2+,19000,גלובלי,,לא
08/01/2019 12:14,בוגר/ת,מכללת אפקה,חברת בניה,"ניתוח, עיצוב, איפיון והטמעה של מערכות מידע",,1,10000,גלובלי,,לא
08/02/2019 17:21,סטודנט/ית,מכללת אפקה,הייטק,Devops,Intel,1,47,שעתי,,
08/04/2019 21:21,בוגר/ת,מכללת אפקה,חברת פארמה,CRM Manager,Boehringer ingelheim,1,12000,גלובלי,"בונוס (בין משכורת לשתיים), טלפון, קרן השתלמות, סיבוס",לא
08/05/2019 11:56,בוגר/ת,מכללת אפקה,תעשייה מסורתית,מנהל רכש וקניינות,,2+,13000,גלובלי,קרן השתלמות,לא
8/22/2019 19:25,בוגר/ת,מכללת אפקה,מוסדות פיננסים וחברות ביטוח,"ניהול פרוייקטים,  PMO, ניתוח, עיצוב, איפיון והטמעה של מערכות מידע",בזק,2+,19000,גלובלי,,לא
8/25/2019 16:36,סטודנט/ית,מכללת אפקה,תעשייה מסורתית,"ניהול פרוייקטים,  PMO",,1,35,שעתי,,לא
09/09/2019 18:52,בוגר/ת,מכללת אפקה,הייטק,Business Analyst,Bolt solutions,2+,15000,גלובלי,,לא
10/04/2019 18:46,בוגר/ת,מכללת אפקה,הייטק,"ניהול פרוייקטים,  PMO, ניתוח, עיצוב, איפיון והטמעה של מערכות מידע",Bolt,2+,15000,גלובלי,,לא
10/04/2019 18:56,סטודנט/ית,מכללת אפקה,בית קפה,"ניהול פרוייקטים,  PMO, הנדסת ארגון ושיטות, תפעול וייצור, ניתוח, עיצוב, איפיון והטמעה של מערכות מידע",,1,5000,שעתי,,לא
11/12/2019 15:14,בוגר/ת,מכללת אפקה,מוסדות פיננסים וחברות ביטוח,ניתוח נתונים,הפניקס,2+,13000,גלובלי,משכורת 13 וקרן השתלמות,לא
11/15/2019 13:21,בוגר/ת,מכללת אפקה,מוסדות פיננסים וחברות ביטוח,מפתח RPA,EY,1,11000,שעתי,,לא
11/28/2019 17:40,סטודנט/ית,מכללת אפקה,הייטק,"ניהול פרוייקטים,  PMO, ניתוח נתונים , ניתוח, עיצוב, איפיון והטמעה של מערכות מידע",,1,3800,שעתי,,לא
12/04/2019 00:01,סטודנט/ית,מכללת אפקה,הייטק,"ניתוח נתונים , מדעי נתונים ",,1,5200,גלובלי,,לא
12/13/2019 13:36,סטודנט/ית,מכללת אפקה,תעשייה מסורתית,מנהלת תפעול ובקרה,אלביט יבשה ותעש,1,13000,גלובלי,,כן
12/13/2019 13:36,סטודנט/ית,מכללת אפקה,תעשייה מסורתית,מנהלת תפעול ובקרה,אלביט יבשה ותעש,1,13000,גלובלי,,כן
12/13/2019 18:23,סטודנט/ית,מכללת אפקה,הייטק,"ניתוח, עיצוב, איפיון והטמעה של מערכות מידע",Stma,1,9000,גלובלי,,כן
1/23/2020 16:39,בוגר/ת,מכללת אפקה,מוסדות פיננסים וחברות ביטוח,ניתוח נתונים,יעל,1,9400,גלובלי,,לא
1/23/2020 17:20,בוגר/ת,מכללת אפקה,תעשייה מסורתית,ניתוח נתונים,,2+,16000,גלובלי,,לא
05/02/2020 15:37,סטודנט/ית,מכללת אפקה,הייטק,"ניתוח נתונים , Devops",Intel,1,60,שעתי,,לא
05/02/2020 15:37,סטודנט/ית,מכללת אפקה,הייטק,"ניתוח נתונים , Devops",Intel,1,60,שעתי,,לא
05/02/2020 20:00,סטודנט/ית,מכללת אפקה,הייטק,"ניתוח נתונים , Devops",Intel,1,60,שעתי,,לא
5/16/2020 17:53,סטודנט/ית,מכללת אפקה,הייטק,System support,Dot complains,1,6000,גלובלי,,לא
06/02/2020 12:47,סטודנט/ית,מכללת אפקה,הייטק,"ניתוח נתונים , ניתוח, עיצוב, איפיון והטמעה של מערכות מידע",,1,5000,שעתי,,לא
06/10/2020 19:58,סטודנט/ית,מכללת אפקה,תעשייה מסורתית,"ניתוח, עיצוב, איפיון והטמעה של מערכות מידע",אלביט,1,50,שעתי,,לא
08/05/2020 11:46,סטודנט/ית,מכללת אפקה,מוסדות פיננסים וחברות ביטוח,הנדסת ארגון ושיטות,,1,4000,שעתי,,לא
08/05/2020 12:05,סטודנט/ית,מכללת אפקה,תעשייה מסורתית,Devops,אלביט מערכות,1,50,שעתי,,לא
08/05/2020 12:05,סטודנט/ית,מכללת אפקה,תעשייה מסורתית,Devops,אלביט מערכות,1,50,שעתי,,לא
09/07/2020 17:30,סטודנט/ית,מכללת אפקה,הייטק,"ניהול פרוייקטים,  PMO, ניתוח נתונים , ניתוח, עיצוב, איפיון והטמעה של מערכות מידע",,1,6800,גלובלי,"קרן השתלמות, תן ביס, נסיעות",לא
9/24/2020 11:55,סטודנט/ית,מכללת אפקה,הייטק,ניתוח נתונים,Pandologic,1,40,שעתי,,לא
9/24/2020 11:57,בוגר/ת,מכללת אפקה,הייטק,Operation,Moon active,2+,15000,גלובלי,,לא
9/24/2020 12:58,בוגר/ת,מכללת אפקה,הייטק,ניתוח נתונים,,2+,16000,גלובלי,,לא
10/05/2020 16:06,סטודנט/ית,מכללת אפקה,הייטק,"ניהול פרוייקטים,  PMO, ניתוח נתונים ",,1,7200,גלובלי,10bis,לא
01/12/2021 09:15,בוגר/ת,מכללת אפקה,הייטק,ניתוח נתונים,Leadspace,2+,16000,גלובלי,,לא
5/21/2021 12:18,בוגר/ת,מכללת אפקה,הייטק,DevOps &apm engineer,,2+,15000,גלובלי,,לא
6/13/2021 14:06,בוגר/ת,מכללת אפקה,הייטק,"ניתוח, עיצוב, איפיון והטמעה של מערכות מידע",Kenshoo,1,15000,גלובלי,"קרן השתלמות, אופציות",לא
08/01/2019 11:48,בוגר/ת,מכללת סמי שמעון,אלעל,ניהול פרוייקטים במערכות מידע,אלעל,1,12500,גלובלי,,לא
08/01/2019 12:27,בוגר/ת,מכללת סמי שמעון,טבע,הנדסת ארגון ושיטות,טבע תעשיות פרמצבטיות,2+,7500,שעתי,,לא
08/01/2019 22:02,בוגר/ת,מכללת סמי שמעון,תעשייה מסורתית,"ניהול פרוייקטים,  PMO, תפעול וייצור",Ibbl,2+,11500,גלובלי,"משכורת 13, קרן השתלמות, בונוסים, ",לא
08/02/2019 16:42,בוגר/ת,מכללת סמי שמעון,הייטק,תפעול וייצור,FLEX,1,7500,שעתי,"הסעות + ארוחות חד""א",לא
08/02/2019 17:35,בוגר/ת,מכללת סמי שמעון,תעשייה מסורתית,תפעול וייצור,סודהסטרים,1,9500,גלובלי,,לא
08/04/2019 21:54,בוגר/ת,מכללת סמי שמעון,תעשייה מסורתית,תפעול וייצור,סיפן,1,9000,גלובלי,,לא
08/05/2019 09:48,בוגר/ת,מכללת סמי שמעון,תעשייה מסורתית,תפעול וייצור,תעשייה אווירית,2+,19000,גלובלי,קרן התשלמות,לא
08/06/2019 13:18,בוגר/ת,מכללת סמי שמעון,תעשייה מסורתית,"ניהול פרוייקטים,  PMO, ניתוח נתונים , הנדסת ארגון ושיטות, תפעול וייצור, ניתוח, עיצוב, איפיון והטמעה של מערכות מידע",,2+,41,שעתי,,לא
08/06/2019 15:15,בוגר/ת,מכללת סמי שמעון,תעשייה מסורתית,תפעול וייצור,,2+,12500,גלובלי,"משכורת 13 , קרן השתלמות, טלפון, בונוס שנתי",לא
8/15/2019 23:45,בוגר/ת,מכללת סמי שמעון,תעשייה מסורתית,תפעול וייצור,,1,7500,שעתי,,לא
8/19/2019 15:13,סטודנט/ית,מכללת סמי שמעון,הייטק,"ניהול פרוייקטים,  PMO, ניתוח נתונים , תכנות: Frontend/Backend/Fullstack",,1,10,שעתי,,
8/22/2019 19:16,סטודנט/ית,מכללת סמי שמעון,תעשייה מסורתית,"ניהול פרוייקטים,  PMO",טבע,1,33,שעתי,נסיעות,לא
8/22/2019 19:39,בוגר/ת,מכללת סמי שמעון,צהל,"ניתוח נתונים , תפעול וייצור, ניתוח, עיצוב, איפיון והטמעה של מערכות מידע",מבט לנגב,2+,13000,גלובלי,,לא
8/22/2019 19:55,סטודנט/ית,מכללת סמי שמעון,מוסד ממשלתי,הנדסת ארגון ושיטות,,1,35,שעתי,,לא
8/25/2019 16:29,בוגר/ת,מכללת סמי שמעון,חברת אופנה,יישום מערכות מידע,CASTRO,1,8500,גלובלי,,לא
8/25/2019 17:36,בוגר/ת,מכללת סמי שמעון,תעשייה מסורתית,"ניהול פרוייקטים,  PMO",Elal,1,12800,גלובלי,"משכורת 13, קרן השתלמות",לא
10/04/2019 19:31,בוגר/ת,מכללת סמי שמעון,תעשייה מסורתית,תפעול וייצור,,2+,11500,שעתי,משכורת 13 + קרן השתלמות + בונוס שנתי,לא
11/16/2019 19:54,סטודנט/ית,מכללת סמי שמעון,תעשייה מסורתית,"ניהול פרוייקטים,  PMO",אלתא,1,5000,שעתי,,לא
12/12/2019 14:19,סטודנט/ית,מכללת סמי שמעון,הייטק,ניתוח נתונים,,1,50,שעתי,,לא
12/23/2019 9:01,סטודנט/ית,מכללת סמי שמעון,תעשייה מסורתית,תפעול וייצור,אלתא,1,54,שעתי,,לא
12/23/2019 9:20,סטודנט/ית,מכללת סמי שמעון,תעשייה מסורתית,תפעול וייצור,,1,40,שעתי,,
12/28/2019 16:18,סטודנט/ית,מכללת סמי שמעון,נמל אשדוד,"ניהול פרוייקטים,  PMO",,1,32,שעתי,,לא
1/14/2020 10:03,בוגר/ת,מכללת סמי שמעון,Low tech,מנהל פרויקטים ומנתח מערכות,ElAL,2+,11300,גלובלי,קרן השתלמות,לא
1/19/2020 9:02,בוגר/ת,מכללת סמי שמעון,תעשייה מסורתית,תפעול וייצור,Risco,1,8600,גלובלי,,לא
5/27/2020 9:33,סטודנט/ית,מכללת סמי שמעון,מוסד ממשלתי,ניתוח נתונים,Ness,1,9000,גלובלי,,לא
06/10/2020 21:31,סטודנט/ית,מכללת סמי שמעון,תעשייה מסורתית,"ניהול פרוייקטים,  PMO",תעשייה אווירית,1,54.22,שעתי,,לא
08/09/2020 14:37,בוגר/ת,מכללת סמי שמעון,עצמאי,ניהול קמפיינים דיגיטליים,,1,10000,גלובלי,,לא
9/24/2020 12:39,סטודנט/ית,מכללת סמי שמעון,תעשייה מסורתית,תפעול וייצור,אלתא,1,42,שעתי,קרן השתלמות מעולה,לא
9/24/2020 14:22,בוגר/ת,מכללת סמי שמעון,תעשייה מסורתית,תפעול וייצור,כיל,2+,11000,גלובלי,,לא
9/24/2020 16:40,בוגר/ת,מכללת סמי שמעון,הייטק,Product manager,,2+,20000,גלובלי,"קרן השתלמות, כל 6 חודשים בונוס, מחלה מיום הראשון, 22 ימי חופש בשנה",לא
10/20/2020 14:53,סטודנט/ית,מכללת סמי שמעון,תעשייה מסורתית,"ניהול פרוייקטים,  PMO",,1,8000,שעתי,,לא
11/21/2020 16:13,סטודנט/ית,מכללת סמי שמעון,תעשייה מסורתית,"ניתוח נתונים , הנדסת ארגון ושיטות",,1,35,שעתי,,לא
01/12/2021 09:27,סטודנט/ית,מכללת סמי שמעון,הייטק,QA,Britannica knowledge systems,1,12000,שעתי,אין,לא
01/12/2021 10:25,בוגר/ת,מכללת סמי שמעון,לוגיסטיקה,הנדסת ארגון ושיטות,,2+,11500,גלובלי,,לא
4/24/2021 14:10,בוגר/ת,מכללת סמי שמעון,Low tech,ניהול פרויקטים מערכות מידע,,2+,18,גלובלי,קרן השתלמות,לא
5/21/2021 10:35,סטודנט/ית,מכללת סמי שמעון,תעשייה מסורתית,"הנדסת ארגון ושיטות, ניתוח, עיצוב, איפיון והטמעה של מערכות מידע",,2+,10000,שעתי,,לא
6/15/2021 23:23,בוגר/ת,מכללת סמי שמעון,הייטק,ניתוח נתונים,,1,14000,גלובלי,,לא
01/05/2020 13:19,בוגר/ת,מכללת ספיר,תעשייה מסורתית,תפעול וייצור,smarTrike,2+,8400,גלובלי,לא,לא
12/09/2019 19:08,בוגר/ת,המכללה להנדסה ירושלים,הייטק,ניתוח נתונים,EXLibris,2+,12900,גלובלי,קרן השתלמות+קרן פנסיה מהיום הראשון. חופשת מחלה 100%מהיום השני. ביטוח בריאות לעובדים ולבני זוגם,לא
08/05/2019 07:25,בוגר/ת,מכללת רופין,חברת ייעוץ לניהול פרויקטים,"ניהול פרוייקטים,  PMO","אורנטק מערכות ניהוליות בע""מ",2+,15000,גלובלי,קרן השתלמות מהיום הראשון,לא
8/22/2019 19:49,סטודנט/ית,מכללת רופין,תעשייה מסורתית,"תפעול וייצור, פלנר",.,1,45,שעתי,קרן השתלמות מהשנה הבאה,לא
09/04/2019 23:23,בוגר/ת,מכללת רופין,תעשייה מסורתית,תפעול וייצור,Flex,2+,9100,שעתי,"החזרי דלק, חצי ש'ח לק""מ",לא
12/09/2019 21:11,בוגר/ת,מכללת רופין,תחום הפארמה,sales force - support and solutions,,1,8500,גלובלי,,לא
1/19/2020 10:36,בוגר/ת,מכללת רופין,תכנון רמזורים,"ניהול פרוייקטים,  PMO",,1,9200,גלובלי,אין,לא
5/27/2020 9:51,סטודנט/ית,מכללת רופין,תעשייה מסורתית,ייבוא ייצוא,Philips,1,45,שעתי,קרן השתלמות אחרי 7 חודשים,לא
06/10/2020 19:10,סטודנט/ית,מכללת רופין,הייטק,"ניהול פרוייקטים,  PMO",,1,38,שעתי,,לא
9/24/2020 11:58,בוגר/ת,מכללת רופין,מוסדות פיננסים וחברות ביטוח,יועץ מערכות מידע,פאהן קנה,1,7000,גלובלי,,לא
11/02/2020 22:27,בוגר/ת,מכללת רופין,מוסדות פיננסים וחברות ביטוח,ביקורת פנימית מבקר ויועץ מערכות מידע,פאהן קנה,1,7000,גלובלי,,לא
11/16/2020 16:41,סטודנט/ית,מכללת רופין,תעשייה מסורתית,"ניהול פרוייקטים,  PMO, תפעול וייצור",,2+,8000,גלובלי,,לא
11/16/2020 16:41,סטודנט/ית,מכללת רופין,תעשייה מסורתית,"ניהול פרוייקטים,  PMO, תפעול וייצור",,2+,8000,גלובלי,,לא
11/17/2020 13:06,בוגר/ת,מכללת רופין,תעשייה מסורתית,יבוא ויצוא,Philips healthcare,1,11000,גלובלי,"עובדת קבלן, קרן השתלמות אחרי 7 חודשים",לא
11/21/2020 15:42,סטודנט/ית,מכללת רופין,תעשייה מסורתית,"ניהול פרוייקטים,  PMO",אלקטרה,1,11000,גלובלי,,לא
01/12/2021 20:32,סטודנט/ית,מכללת רופין,הייטק,ניתוח נתונים,,1,40,שעתי,,
01/12/2021 20:32,בוגר/ת,מכללת רופין,הייטק,"ניהול פרוייקטים,  PMO, ניתוח, עיצוב, איפיון והטמעה של מערכות מידע",,1,8500,גלובלי,,לא
5/21/2021 10:35,סטודנט/ית,מכללת רופין,הייטק,ניתוח נתונים,,1,45,שעתי,,לא
5/21/2021 10:39,בוגר/ת,מכללת רופין,תעשייה מסורתית,תפעול וייצור,Prodalim Group,2+,17000,גלובלי,"קרן השתלמות, בונוס שנתי",לא
5/21/2021 10:40,בוגר/ת,מכללת רופין,תעשייה מסורתית,"ניהול פרוייקטים,  PMO",,2+,9600,שעתי,,לא
08/01/2019 16:38,סטודנט/ית,מכללת רופין,הייטק,IT,SEGMENT,1,7500,גלובלי,מה עם התשובות של האחרים,לא
08/01/2019 11:44,בוגר/ת,מכללת שנקר,תעשייה מסורתית,"רכש כ""א",חיל אויר,1,37,שעתי,מחפשת משרת ניתוח מערכות ג'וניור,
08/01/2019 12:53,בוגר/ת,מכללת שנקר,חברת ייעוץ,"ניהול פרוייקטים,  PMO, אנאליסט מחקר",Monfort Advisory,1,9500,גלובלי,"התחלתי כסטודנטית, לא ממש קשור ללימודים",לא
08/01/2019 19:21,בוגר/ת,מכללת שנקר,יבואני רכב,הנדסת ארגון ושיטות,אלבר,2+,12000,גלובלי,,כן
08/04/2019 21:19,בוגר/ת,מכללת שנקר,מוסדות פיננסים וחברות ביטוח,"ניהול פרוייקטים,  PMO, ניתוח נתונים , הנדסת ארגון ושיטות",אקסלנס ביוסיינס,2+,11000,גלובלי,קרן השתלמות אופציות תן ביס,לא
08/04/2019 21:50,סטודנט/ית,מכללת שנקר,תעשייה מסורתית,קניינית רכש ומנהלת ספקים,תעשייה אוירית,2+,4000,שעתי,משכורת 13,לא
8/14/2019 11:49,סטודנט/ית,מכללת שנקר,תעשייה מסורתית,הנדסת ארגון ושיטות,תעשייה אווירית,1,55,שעתי,,לא
8/14/2019 13:43,סטודנט/ית,מכללת שנקר,מוסדות פיננסים וחברות ביטוח,"ניהול פרוייקטים,  PMO",,1,37.5,שעתי,,לא
10/04/2019 18:49,בוגר/ת,מכללת שנקר,הייטק,Devops,,1,8000,שעתי,,לא
11/16/2019 20:50,בוגר/ת,מכללת שנקר,הייטק,ניתוח נתונים,,2+,14000,גלובלי,,לא
11/28/2019 10:47,סטודנט/ית,מכללת שנקר,תעשייה מסורתית,הבטחת איכות - הכשרה ותיקוף מערכות ותהליכים,שירותי בריאות כללית,1,9800,גלובלי,"קרן השתלמות, גמל, אחזקת רכב",לא
12/05/2019 20:32,בוגר/ת,מכללת שנקר,הייטק,"ניתוח, עיצוב, איפיון והטמעה של מערכות מידע, יישום מערכת אוטומציה",בינת תקשורת מחשבים,1,10000,גלובלי,קרן השתלמות,לא
12/09/2019 09:22,סטודנט/ית,מכללת שנקר,הייטק,"ניתוח, עיצוב, איפיון והטמעה של מערכות מידע",KPMG,1,12000,גלובלי,"קרן השתלמות, החזרי נסיעות 500 ברוטו בחודש",כן
12/09/2019 09:38,סטודנט/ית,מכללת שנקר,מוסד ממשלתי,"ניהול פרוייקטים,  PMO",יחידה צבאית,2+,6500,שעתי,"80 אחוז משרה, קרן השתלמות",לא
12/09/2019 12:58,סטודנט/ית,מכללת שנקר,הייטק,ניתוח נתונים,Sense,1,8200,שעתי,סיבוס 20,לא
12/09/2019 13:00,סטודנט/ית,מכללת שנקר,תעשייה מסורתית,תפעול וייצור,,2+,40,שעתי,,לא
12/09/2019 13:22,סטודנט/ית,מכללת שנקר,הייטק,"ניהול פרוייקטים,  PMO",,1,7000,שעתי,,
12/09/2019 13:51,סטודנט/ית,מכללת שנקר,תעשייה מסורתית,תכנון ובקרה,תעשייה אווירית,1,59.25,שעתי,,לא
12/10/2019 13:45,סטודנט/ית,מכללת שנקר,עבודה מזדמנת,שליחויות,,2+,4200,שעתי,,לא
12/11/2019 10:23,סטודנט/ית,מכללת שנקר,חברה פרטית קטנה,"ניהול פרוייקטים,  PMO, ייעוץ ניהולי ועסקי",,1,5500,שעתי,,לא
12/29/2019 16:10,סטודנט/ית,מכללת שנקר,הייטק,ניתוח נתונים,,1,45,שעתי,,לא
01/10/2020 11:46,סטודנט/ית,מכללת שנקר,הייטק,ניתוח נתונים,Dell,1,30,שעתי,,לא
1/19/2020 9:07,סטודנט/ית,מכללת שנקר,תעשייה מסורתית,רכש,Elbit,2+,5000,שעתי,יש מענקים כל שנה ומשכורת 13 לעובדי מפעל אבל לא לסטודנטים,לא
1/21/2020 10:34,סטודנט/ית,מכללת שנקר,הייטק,ניתוח נתונים,,1,10000,שעתי,,לא
05/02/2020 15:59,בוגר/ת,מכללת שנקר,מוסדות פיננסים וחברות ביטוח,"ניהול פרוייקטים,  PMO, ניתוח, עיצוב, איפיון והטמעה של מערכות מידע",Bdo,1,8500,שעתי,,לא
05/02/2020 16:20,סטודנט/ית,מכללת שנקר,תעשייה מסורתית,רכש,תעשייה אווירית,2+,3700,שעתי,ארוחת צהריים והסעות,
05/03/2020 14:29,בוגר/ת,מכללת שנקר,תעשייה מסורתית,תפעול וייצור,,2+,8000,שעתי,,לא
05/07/2020 10:03,סטודנט/ית,מכללת שנקר,הייטק,"ניהול פרוייקטים,  PMO",,1,45,שעתי,קרן השתלמות,לא
06/10/2020 19:30,סטודנט/ית,מכללת שנקר,תעשייה מסורתית,רכש,אלביט אלאופ,2+,6000,שעתי,,לא
08/05/2020 11:41,בוגר/ת,מכללת שנקר,הייטק,"ניהול פרוייקטים,  PMO",,2+,12000,שעתי,,לא
08/05/2020 11:41,בוגר/ת,מכללת שנקר,הייטק,"ניהול פרוייקטים,  PMO",,2+,12000,שעתי,,לא
08/05/2020 11:47,סטודנט/ית,מכללת שנקר,הייטק,"הנדסת ארגון ושיטות, Devops, Operations/NOC",,1,11000,שעתי,"תןביס, חופשה שנתית, מתנות",לא
08/05/2020 11:52,בוגר/ת,מכללת שנקר,חברה פרטית,"ניהול פרוייקטים,  PMO",אשד ניהול נכסים,1,6000,שעתי,,לא
01/12/2021 09:09,בוגר/ת,מכללת שנקר,מוסדות פיננסים וחברות ביטוח,"ניתוח, עיצוב, איפיון והטמעה של מערכות מידע",,1,10500,גלובלי,קרן השתלמות,לא
5/21/2021 10:35,בוגר/ת,מכללת שנקר,אנרגיה מתחדשת,רכש,,2+,15000,גלובלי,,לא
5/21/2021 10:50,סטודנט/ית,מכללת שנקר,הייטק,NOC,,1,45,שעתי,כלום,לא
6/13/2021 12:55,בוגר/ת,מכללת שנקר,הייטק,"ניהול פרוייקטים,  PMO, הנדסת ארגון ושיטות",,2+,14500,גלובלי,"קרן השתלמות, אוכל בערך 1000 בחודש",לא
6/13/2021 12:55,סטודנט/ית,מכללת שנקר,מוסדות פיננסים וחברות ביטוח,ניתוח נתונים,G-STAT,1,10000,גלובלי,יש קרן השתלמות,לא
6/13/2021 13:01,סטודנט/ית,מכללת שנקר,הייטק,ניתוח נתונים,Ebay,1,15000,גלובלי,"קרן השתלמות, תן ביס",לא
6/13/2021 13:15,סטודנט/ית,מכללת שנקר,הייטק,"ניתוח, עיצוב, איפיון והטמעה של מערכות מידע",FBC,1,5000,שעתי,,לא
6/13/2021 14:07,סטודנט/ית,מכללת שנקר,הייטק,Noc,Radware,1,70,שעתי,יש קרן השתלמות אחרי חצי שנה בחברה,לא
6/13/2021 21:13,סטודנט/ית,מכללת שנקר,הייטק,תפעול וייצור,,1,9500,גלובלי,"משכורת 13, 14 + קרן השתלמות + ביטוח בריאות",לא
6/14/2021 9:41,סטודנט/ית,מכללת שנקר,תעשייה מסורתית,ניתוח נתונים,,1,4000,שעתי,חצי משרה,לא
6/15/2021 16:47,בוגר/ת,מכללת שנקר,חברת ecommerce,"ניהול פרוייקטים,  PMO",פאנקו,1,11000,שעתי,אין,לא
